ID,rs10108662,rs10132928,rs10173099,rs10183087,rs10429491,rs1049253,rs1050008,rs1051070,rs1051846,rs1051922,rs1059293,rs10744785,rs10774580,rs10774671,rs1077667,rs10789166,rs10802189,rs10815160,rs10824792,rs10824793,rs10845821,rs10878175,rs10932035,rs10985085,rs11038852,rs11072,rs11175398,rs11203109,rs11246062,rs1126535,rs1129055,rs1131715,rs11465384,rs11539752,rs11558819,rs11569345,rs11569348,rs11571317,rs11585932,rs11595876,rs11883722,rs11910627,rs11914,rs12002985,rs12135754,rs12340866,rs1243081,rs1243082,rs12436555,rs12483293,rs12609318,rs12610506,rs12685904,rs12693591,rs12712526,rs12819210,rs12846646,rs1293755,rs1296371,rs13023380,rs1327474,rs13311,rs1335531,rs13433394,rs13440146,rs15282,rs1544410,rs15895,rs1599796,rs1638596,rs16829980,rs16829984,rs16840252,rs16923189,rs17036001,rs17199006,rs17256081,rs1727,rs17281703,rs17281995,rs17468739,rs17622656,rs17643419,rs17686100,rs17715343,rs17804441,rs1786704,rs179008,rs179010,rs179012,rs179014,rs179016,rs179021,rs1799988,rs1800450,rs1800630,rs1800682,rs1800871,rs1800896,rs1801274,rs1838066,rs1859330,rs1861494,rs187084,rs1874328,rs1879026,rs1879877,rs1880661,rs188698,rs1889490,rs1894823,rs1990760,rs2010549,rs2059691,rs2066804,rs2066807,rs2069187,rs2069716,rs2069718,rs2069727,rs2070229,rs2070729,rs2070845,rs2071430,rs2072133,rs2072136,rs2072137,rs2072138,rs2109134,rs2159377,rs2161525,rs2226299,rs2228017,rs2229113,rs2230587,rs2230724,rs2234978,rs2236338,rs2236350,rs2239657,rs2240188,rs2243600,rs2252930,rs2252931,rs2253923,rs2254002,rs2254958,rs2256298,rs2257167,rs2273844,rs2280964,rs2285932,rs2285933,rs2287886,rs2287887,rs2288249,rs2288320,rs2292151,rs2297136,rs2297137,rs2304204,rs2304207,rs230525,rs2305619,rs2373114,rs2407992,rs243330,rs2508450,rs2629396,rs2681417,rs268561,rs268594,rs268598,rs268600,rs2705897,rs2705901,rs2720376,rs2720378,rs2799,rs2834202,rs28360475,rs2838036,rs28383793,rs28489163,rs2857656,rs3021094,rs3024496,rs3024498,rs3024509,rs303211,rs303212,rs303215,rs304485,rs3092921,rs3092946,rs3093662,rs310198,rs310199,rs310201,rs310219,rs310244,rs310247,rs3116494,rs3135932,rs3136705,rs3181096,rs3213545,rs3213546,rs331457,rs34137742,rs35069510,rs352140,rs35992364,rs3737399,rs3739319,rs3740961,rs3741981,rs3745376,rs3747517,rs3752689,rs3758650,rs3760396,rs3764880,rs3764885,rs3765457,rs3765459,rs3770768,rs3771300,rs3775290,rs3775291,rs3775296,rs3780378,rs3780379,rs378299,rs3799488,rs3802813,rs3802814,rs3807306,rs3809112,rs3814821,rs3816745,rs3824908,rs3845978,rs3911403,rs3921,rs41265961,rs4143815,rs4251460,rs4251513,rs4251520,rs4251545,rs4251580,rs4252249,rs4252314,rs4256246,rs4264550,rs4320976,rs455599,rs457347,rs4586,rs4625425,rs4647603,rs4647610,rs4647964,rs4648050,rs4648095,rs4648184,rs4648186,rs4648212,rs4670185,rs467558,rs467593,rs467639,rs467960,rs468672,rs468811,rs469218,rs469390,rs475896,rs4780355,rs4804801,rs4804802,rs4819387,rs4819388,rs4836834,rs486907,rs4916004,rs4963271,rs4969168,rs4988457,rs5030419,rs533259,rs557094,rs558705,rs5741883,rs5742909,rs5744080,rs5744088,rs625413,rs627839,rs627928,rs6701046,rs6705653,rs672527,rs6853,rs7011101,rs7115875,rs7127254,rs7138261,rs7141881,rs7252764,rs7255265,diagnose
84,CC,AG,GG,AA,AG,AA,--,AA,GG,GG,GG,CC,AG,AA,GG,GG,AA,AC,AA,AG,AG,GG,GG,GG,CC,AA,--,AA,CC,GG,AG,AG,GG,CC,AA,GG,CC,GG,AA,--,AG,CG,AA,CC,AA,GG,AG,CC,GG,--,AG,--,AA,CC,--,GG,GG,TT,--,AG,AA,--,CG,GG,CC,AG,GG,GG,--,AA,AG,GG,--,AG,GG,AA,AA,AA,GG,CG,AA,AA,GG,--,CC,AG,AG,TT,AG,AG,--,CC,AA,--,GG,CC,AA,--,--,AG,AG,AG,AA,AA,--,CC,AC,--,GG,--,AG,GG,CG,GG,GG,GG,AA,AA,GG,AG,--,--,AA,CC,AA,AG,AG,CC,--,AG,--,--,AG,--,--,AG,--,--,CC,--,AG,CC,CC,AA,TT,AA,GG,AA,CC,--,GG,GG,CG,AG,--,GG,AA,--,AG,GG,AA,CC,AA,AG,AG,GG,--,AG,AC,AA,AA,AA,AA,AA,CC,CC,AG,--,GG,--,--,TT,--,GG,CC,AA,AA,AA,AA,GG,--,AG,AT,GG,AA,AA,GG,AG,--,AA,--,AA,--,AA,AG,GG,--,CC,GG,GG,GG,--,AA,--,AG,AG,AG,CC,AG,GG,--,GG,AG,AG,AA,AA,GG,AC,GG,GG,CC,AA,--,AG,AA,GG,GG,CC,AA,--,GG,AA,GG,AA,--,--,GG,--,GG,AG,GG,GG,GG,AA,--,GG,AG,--,AG,AA,--,GG,GG,CC,AA,AA,--,--,GG,AA,AG,AG,--,AG,AT,GG,GG,AG,--,AA,--,--,--,--,AT,GG,GG,AA,GG,CC,GG,--,CG,--,AG,AG,AA,CC,GG,AC,CC,AA,--,--,AA,AC,--,GG,AG,--,--,--,SD
87,AC,AG,AA,AA,GG,AA,AG,AA,CG,AG,AA,CG,GG,--,GG,AA,AA,AC,AA,AG,AA,CG,GG,GG,CC,AG,AG,AA,CG,GG,GG,GG,GG,CC,AA,GG,CC,GG,AA,AA,GG,CC,AA,GG,AA,GG,GG,CC,--,AA,AG,GG,--,AC,GG,--,GG,AT,AA,AA,AG,CC,CG,GG,CC,AG,AG,AG,AG,AA,AA,GG,GG,AA,GG,AA,AA,AA,GG,CC,AA,GG,AG,AA,CC,AA,AA,AA,GG,AA,GG,GG,CC,AG,GG,AC,AG,GG,AA,GG,AG,GG,AG,GG,AG,CC,AC,AA,AA,AG,AA,AA,GG,AA,GG,GG,AA,AA,AG,AA,AG,--,AA,CC,AA,GG,AA,GG,TT,GG,--,GG,AA,GG,AG,AG,GG,AG,CC,AA,GG,CC,CG,AG,TT,AC,AG,GG,CC,GG,GG,AG,GG,GG,AA,--,AA,AG,GG,GG,AA,CC,AA,GG,GG,GG,GG,GG,AC,AG,AG,AG,AG,AA,CC,CC,AA,GG,GG,AA,AA,TT,AA,GG,CC,AA,AA,AA,AA,GG,GG,AG,TT,AA,TT,AA,GG,AA,AG,GG,GG,AG,AA,AA,AG,GG,AA,CC,GG,GG,GG,AA,AG,AA,AG,AA,GG,CC,GG,AA,GG,GG,AA,AA,AA,GG,GG,AC,AG,AG,CC,AG,GG,AG,AA,GG,GG,AC,GG,AA,GG,AA,GG,AA,GG,GG,GG,AC,CG,AA,GG,GG,GG,AA,--,GG,GG,AA,AA,AA,AA,GG,GG,CC,AA,AA,AT,GG,GG,AA,AA,AG,AT,GG,AT,--,GG,GG,GG,AA,AT,--,GG,AA,AA,AG,GG,AA,GG,CC,CG,GG,GG,GG,AA,GG,AA,CC,GG,AC,AC,AA,GG,AG,AA,AA,AA,GG,GG,AG,AG,AG,SD
94,AC,AG,AA,AC,GG,AG,--,AA,GG,AG,AG,CC,AG,AA,AG,AA,AA,--,AG,AG,--,GG,AG,GG,CC,AG,AG,GG,CC,AA,AG,AG,GG,CG,AG,GG,CC,GG,--,AG,GG,CC,AA,CG,--,GG,GG,AC,AG,AC,GG,AA,AA,AC,AG,GG,GG,TT,--,AG,AG,AA,GG,AG,--,GG,AA,GG,GG,AA,--,CG,GG,--,GG,AA,AA,AA,--,CG,AC,GG,GG,AA,CC,AA,AG,--,GG,AA,GG,GG,--,--,GG,AC,AG,GG,--,--,AG,AG,AA,AA,--,CC,CC,AA,AG,AG,GG,AG,GG,AG,GG,GG,AA,AA,AG,AG,AA,--,--,CC,AG,AG,GG,CG,TT,GG,AA,AG,AG,GG,--,AA,--,AG,CC,GG,AG,AC,CG,AG,--,CC,AG,AG,CC,GG,GG,GG,CG,GG,AA,GG,AA,AA,--,--,AA,CC,AG,AG,GG,--,AA,AG,AA,AA,AA,AA,GG,AA,AC,CC,GG,CC,GG,--,AA,TT,AA,GG,--,--,GG,AA,AA,GG,AA,AA,TT,AG,TT,AG,GG,AG,--,GG,GG,AG,AA,AA,GG,AG,AG,CG,GG,GG,GG,GG,AA,AG,AA,--,AA,CC,--,AA,GG,GG,AG,AG,AA,AG,GG,AA,GG,AG,AC,AA,--,--,AA,GG,AG,CC,AA,AG,--,AC,GG,AA,CG,GG,--,AC,GG,AA,GG,--,GG,AA,GG,GG,GG,--,AG,GG,AC,--,AG,CC,AG,AA,AA,GG,GG,AA,--,--,AT,AA,AT,GG,GG,AG,CC,AG,AT,GG,--,GG,--,AG,GG,AA,GG,CC,--,GG,GG,GG,--,GG,AG,GG,GG,CC,CC,AG,GG,GG,AA,AA,AA,--,AG,AG,AG,GG,SD
98,CC,AA,AG,AA,GG,AG,AA,AA,--,GG,--,GG,AG,AG,AG,AA,GG,AC,GG,AG,AG,GG,GG,GG,CC,--,AG,AA,CG,AA,GG,AA,GG,GG,AG,GG,CC,--,AA,AA,--,CG,AA,CG,AA,GG,GG,CC,GG,CC,GG,AG,AA,AC,AG,GG,--,AT,--,AA,--,CC,GG,AG,--,--,AG,AG,AG,AA,AG,GG,AG,AG,--,AA,AG,AA,GG,CC,AA,GG,GG,AA,CC,AG,AG,TT,--,GG,AG,CC,AA,AG,AG,AA,AG,GG,AG,AG,AA,AA,AA,AA,AA,CC,AC,AA,--,AG,AG,AA,GG,GG,AG,GG,AA,AA,GG,GG,AA,AA,AA,CC,AG,AG,AG,GG,TT,--,AA,AG,AG,GG,GG,AG,--,GG,CC,--,GG,AA,GG,GG,TT,AA,AG,AA,CC,AA,AG,AG,GG,AG,--,GG,AA,AA,AG,GG,--,CC,GG,AG,--,CG,GG,AG,AC,AG,AA,AG,AG,AA,--,CC,AG,CG,GG,AA,AA,AT,AG,GG,CG,AA,AG,AG,AA,GG,GG,GG,TT,GG,TT,AA,GG,AA,AA,AA,AA,AA,AG,AA,--,AG,AG,CC,GG,--,GG,AG,AA,GG,GG,AA,--,AC,GG,--,GG,CG,AG,GG,AA,AG,GG,AA,GG,GG,CC,AG,AG,AG,AA,GG,AG,AC,AG,AA,CG,AA,GG,AA,CG,GG,GG,CC,GG,AA,AG,GG,AG,AA,GG,GG,GG,AG,AG,AG,AC,AG,GG,CC,AG,AA,--,GG,GG,--,AA,--,TT,AA,AT,AG,AG,AA,CG,AG,AA,GG,AG,GG,AT,AA,GG,AA,GG,CC,GG,GG,GG,AG,GG,AG,AG,GG,GG,AA,CC,AA,GG,AA,AA,AA,AG,--,GG,GG,GG,GG,DF
99,--,AA,GG,AC,AG,AG,AA,AA,GG,GG,--,CC,AG,AG,AG,AA,AG,AC,AG,AG,AG,GG,GG,GG,--,--,AG,AG,CC,AA,GG,GG,GG,CG,AG,GG,CC,GG,AA,AG,AG,CC,AA,GG,AA,AG,GG,CC,GG,AC,GG,AG,AA,CC,AG,GG,GG,TT,--,--,AG,CC,CG,AG,AC,GG,AG,GG,GG,AA,AA,GG,GG,AA,GG,AA,GG,AC,GG,CC,AC,AG,GG,AA,CG,AA,AA,TT,GG,GG,--,CC,AA,AG,GG,CC,AA,GG,GG,GG,AG,AG,AA,AG,AG,CC,AC,GG,AA,GG,AG,AG,CG,AG,GG,GG,AA,AA,AG,AA,AA,AC,AG,CC,AA,AG,AA,GG,TT,GG,AG,AG,AG,--,GG,AA,GG,AG,AA,GG,GG,AC,GG,GG,AT,CC,GG,GG,CG,AG,AA,GG,--,--,AA,--,AA,GG,GG,GG,AA,CC,AG,GG,AG,CC,AG,GG,AC,AA,AA,GG,AA,AA,CC,CC,AG,CG,--,AA,AA,TT,AA,GG,CC,--,GG,AA,AA,GG,AA,AA,AT,GG,TT,AG,GG,AA,AA,--,GG,GG,AA,AA,AA,AG,--,CG,GG,GG,GG,AG,AG,GG,GG,--,AG,AC,GG,AG,GG,GG,AA,GG,AA,GG,GG,CC,GG,AG,CC,AA,--,GG,AG,GG,GG,CC,AA,AA,CC,AC,AG,AT,CG,GG,GG,AA,CG,AA,GG,GG,GG,AA,GG,AG,GG,AG,AG,AA,AC,--,GG,CC,AG,AA,AA,GG,AG,AA,AA,AA,TT,AA,TT,GG,GG,AA,CG,AG,AA,GG,--,AG,TT,AG,GG,AA,GG,CC,GG,GG,GG,GG,GG,GG,GG,GG,AG,AC,AC,AG,AG,AG,AA,AA,AA,GG,GG,GG,--,--,SD
104,CC,AG,AG,AA,GG,AA,AA,AA,CG,GG,GG,CC,GG,AA,AA,AA,GG,CC,AG,AA,AG,GG,GG,GG,CC,AA,AG,AA,CG,AA,GG,GG,GG,CG,AG,GG,CC,GG,AA,AA,GG,CG,AA,GG,AA,GG,GG,CC,GG,AC,GG,AG,AA,CC,AA,GG,GG,TT,GG,GG,GG,CC,CG,AG,CC,AA,AG,GG,GG,GG,AA,GG,AG,AA,GG,AA,AA,AA,GG,CG,AA,AG,GG,AA,CC,AA,AG,TT,GG,AA,GG,GG,AA,GG,AA,CC,AG,AG,AA,AA,AA,AA,AG,AG,AA,AC,AC,GG,AG,GG,AG,GG,CG,AG,GG,GG,GG,AA,AG,AG,AA,AC,AA,CC,AA,AG,AA,GG,TT,AA,AG,AG,GG,AG,GG,AA,GG,AG,AC,AA,AA,AC,CG,AG,TT,AC,GG,AG,CC,AG,GG,GG,CG,GG,AA,AG,AA,AG,GG,GG,GG,CG,GG,AG,GG,GG,AG,AG,CC,AA,AG,GG,AA,AA,AC,CG,AG,CC,CG,AA,AA,TT,AA,GG,CG,AA,AA,AA,AA,GG,AG,AG,AT,GG,TT,AA,GG,AA,AA,AG,AG,AG,AG,AG,GG,GG,AG,CC,GG,GG,GG,AG,AA,GG,GG,AG,AG,AC,AA,AA,GG,CG,GG,GG,AA,GG,GG,CC,AG,GG,CC,AA,AA,AG,AA,GG,GG,AC,AG,AG,CG,AC,AG,AT,GG,GG,GG,AC,GG,AA,AG,GG,GG,AA,GG,GG,GG,AG,AG,AG,AA,GG,AG,CC,GG,AA,AA,GG,GG,AG,AG,AG,AT,AG,AT,AG,AG,AG,GG,AA,TT,AG,AG,AG,AA,AG,GG,AG,GG,CG,CG,GG,GG,GG,GG,GG,AA,--,GG,AC,CC,AG,AG,AG,GG,AA,AA,GG,GG,GG,GG,GG,SD
111,CC,AA,GG,AA,GG,GG,AA,AA,GG,AG,AA,GG,AG,GG,AA,AG,GG,AC,AG,AG,AA,CC,GG,GG,CC,AG,GG,AA,CG,AA,GG,AA,AG,CG,GG,GG,CC,GG,AA,AA,AG,CC,AA,CG,AA,GG,GG,CC,GG,AC,GG,GG,AA,CC,AA,GG,GG,AA,AA,AG,AA,CC,GG,AG,CC,GG,AG,AA,GG,AA,AG,GG,GG,AG,GG,AA,AA,AA,GG,CC,AA,GG,GG,AA,CC,AG,AA,AT,AG,AG,AG,CG,AC,GG,GG,AA,AG,AG,AA,AG,AG,GG,AA,AG,AG,CC,AC,AA,AG,GG,AG,AA,GG,AG,GG,GG,AA,AA,GG,GG,AA,--,AA,CC,AA,GG,AA,GG,AT,GG,AG,AG,AG,AG,GG,AG,GG,AG,CC,AA,GG,CC,CG,AG,TT,AC,GG,AG,CC,AG,AG,AA,GG,AG,AC,GG,AA,AA,AG,GG,AA,CC,AA,AA,GG,CG,AA,AA,AA,AA,AG,AG,AA,AA,CC,CC,GG,CC,GG,AA,AA,TT,AG,GG,CC,AC,AA,AA,AA,GG,AG,AG,AT,AA,TT,AA,AG,AG,AG,AG,GG,AG,AG,AG,GG,AG,AG,CC,GG,GG,GG,AA,AA,GG,GG,AA,GG,CC,GG,AA,GG,GG,AG,GG,AA,GG,GG,AC,GG,AG,CC,AG,AG,AA,AG,GG,AG,CC,AG,AA,GG,AC,GG,AA,CC,GG,GG,AA,CG,AG,GG,GG,AG,AG,GG,GG,AG,GG,GG,AG,AC,AA,GG,CC,AA,AA,AA,GG,GG,AA,AA,AA,TT,AA,TT,GG,GG,AA,GG,AG,AA,AG,AG,GG,AA,AG,GG,AA,GG,CC,GG,AG,GG,GG,AG,GG,--,CG,AG,AC,AC,AA,GG,GG,AG,AA,AA,AG,GG,GG,GG,GG,SD
113,--,AG,AG,AA,GG,AG,AA,AA,CG,AG,AA,CC,AG,AA,AG,AG,AG,CC,AG,GG,GG,CG,GG,AG,CG,GG,AG,AA,CG,AA,GG,AA,GG,CC,GG,GG,CC,GG,AA,AA,GG,CC,AC,GG,AA,GG,GG,CC,GG,AA,AG,AG,AA,CC,GG,GG,GG,AT,AA,AA,AA,CC,CG,GG,CC,GG,AG,AG,GG,AA,AG,GG,AG,AA,GG,GG,GG,AC,GG,CC,AA,GG,GG,AA,CC,AA,AA,TT,AA,--,AA,CC,AA,GG,GG,AC,AA,GG,AA,AG,AA,AA,AA,AG,AG,CC,CC,AG,AG,AG,GG,AA,GG,GG,AG,GG,AG,AA,AG,AA,AG,CC,AA,CC,AG,GG,AA,CG,TT,GG,AA,GG,GG,GG,GG,AA,AG,AA,CC,AA,AG,CC,CC,AA,TT,AC,AA,GG,CC,GG,GG,GG,CG,AG,AC,GG,AA,AA,GG,GG,AA,CC,GG,GG,GG,CC,AG,GG,AC,AA,AG,GG,AA,AA,CC,CC,AG,GG,GG,AA,AA,AT,AA,GG,CC,AA,AA,AA,AA,AG,AA,AA,AA,GG,TT,AA,AG,AG,AG,AG,AG,AG,GG,AA,GG,GG,GG,CC,GG,AG,GG,AG,AA,AG,GG,AA,AG,CC,GG,AG,GG,CG,AA,GG,AA,--,GG,AC,GG,AG,CC,AA,AA,AA,AA,GG,GG,AA,AG,AG,GG,AA,GG,AA,CC,GG,GG,AA,GG,AG,GG,GG,GG,AA,GG,GG,GG,AG,--,AG,AC,GG,GG,CC,AG,AA,AA,GG,GG,AA,AA,AG,AT,AA,AT,GG,GG,AA,CG,AG,AA,GG,AG,GG,AT,GG,GG,AA,AG,CC,CC,GG,GG,AG,GG,GG,GG,GG,GG,CC,AA,AA,AG,GG,AA,AA,AA,AG,GG,AG,GG,GG,SD
125,CC,AG,AG,AA,GG,AA,AA,AA,GG,AG,GG,CC,AA,GG,GG,AA,AG,CC,AG,AG,AG,GG,GG,GG,CG,AA,AG,AG,CC,AA,AG,AA,GG,CC,AG,GG,AC,GG,AA,AA,GG,CC,AA,GG,AA,GG,GG,CC,GG,AC,GG,GG,AA,CC,GG,AG,GG,AA,AA,GG,AG,CC,CG,GG,CC,AG,AG,AA,GG,AA,AA,GG,GG,AA,GG,AA,AA,AA,GG,CC,AC,GG,GG,AA,CG,AA,AA,AT,AG,AG,AG,CG,AC,AG,GG,CC,AA,AG,AA,AA,AG,GG,AA,AA,AA,CC,AC,GG,AG,AA,AG,GG,GG,AG,AG,GG,AA,AA,AG,AA,GG,AA,AG,CC,AA,GG,AA,GG,AT,GG,AG,GG,GG,AA,GG,AA,GG,AA,CC,AA,GG,AC,CG,AG,TT,AC,AA,AG,CC,GG,GG,AA,GG,AG,AC,GG,AA,GG,AG,GG,AA,CC,AA,AG,GG,CG,GG,AA,AC,AA,AG,GG,AA,AA,AC,CG,AG,GG,CG,AA,AA,TT,AA,GG,CG,AA,AA,AA,AA,GG,AA,AA,AT,AG,TT,AA,GG,AA,AA,AG,AG,AG,AA,AG,AG,GG,GG,CC,GG,GG,GG,GG,AA,AA,GG,AA,GG,CC,AG,AA,GG,GG,AA,GG,AG,AG,GG,CC,AG,AG,AC,AA,AA,AG,AA,GG,GG,CC,AG,AG,CG,CC,GG,AA,CG,GG,GG,AA,CG,AA,GG,AG,GG,AA,GG,GG,GG,AA,AA,AG,AA,GG,GG,CC,AA,AA,AA,GG,GG,AA,GG,GG,AA,GG,AA,GG,--,GG,CG,AA,AA,GG,AG,GG,AA,GG,GG,AG,GG,CC,GG,GG,CG,GG,AG,GG,AG,GG,AG,AC,AA,AA,AG,GG,AA,AA,AA,GG,GG,GG,GG,AG,SD
128,AC,GG,AG,AC,GG,AA,GG,AA,GG,GG,--,CC,GG,AG,AG,AA,AG,AC,AA,AA,AG,GG,GG,GG,GG,AG,AG,AA,CC,AA,GG,AA,GG,CC,GG,GG,AC,GG,AA,AA,GG,CC,AA,--,AA,GG,AG,CC,GG,AC,GG,GG,AA,AC,--,GG,GG,AT,AA,AG,AA,CC,CG,GG,CC,AG,AG,AA,GG,AA,AA,CG,AG,AA,GG,AG,AA,CC,AG,CC,AA,GG,GG,AA,CC,AA,AA,TT,--,--,AG,CC,AA,AG,GG,CC,AG,AG,AG,AG,--,AG,AG,GG,AG,CC,AC,AG,AA,GG,AG,AG,GG,AA,GG,GG,--,AA,AG,AG,AA,AA,AA,CC,AG,GG,AA,GG,AT,GG,--,AG,GG,GG,GG,AG,GG,AA,AC,--,GG,AC,GG,GG,AT,CC,--,GG,CG,GG,GG,AG,--,AG,AA,GG,AA,AG,--,GG,AA,CC,AA,AG,GG,GG,AA,--,AA,AA,AG,GG,AA,AA,CC,CC,AA,GG,CG,AA,--,TT,AA,GG,CC,AC,AG,AG,AA,GG,AA,AA,AA,AG,TT,AA,GG,AA,AA,--,GG,GG,AG,AG,GG,GG,AG,CC,GG,--,GG,AA,AG,AA,--,AG,AG,AC,AG,AA,GG,GG,AA,GG,AG,AG,GG,AC,AG,GG,--,AG,GG,AG,AG,GG,--,AC,AG,GG,CG,AA,GG,AA,CC,GG,--,AA,CC,AA,GG,GG,GG,AA,GG,AG,AG,AA,AA,AG,AA,GG,GG,CC,AA,AA,AA,GG,GG,AA,AA,AA,TT,GG,TT,AA,GG,GG,--,AG,AA,GG,GG,AA,AT,GG,GG,AG,GG,CC,GG,GG,GG,GG,AA,GG,AA,CC,AG,AC,AA,AG,AA,AG,AA,AA,AG,GG,GG,AG,AG,GG,SD
130,AC,GG,GG,AA,GG,GG,AA,AA,GG,AG,AG,CG,AA,AG,GG,AG,AA,AC,GG,GG,AG,GG,GG,GG,CC,AA,AG,AA,CC,AA,AG,GG,GG,CG,AG,AG,CC,GG,AA,AA,GG,CG,AC,CC,AC,AG,AA,CC,GG,AC,GG,GG,AA,CC,GG,GG,GG,TT,AG,AA,AA,CC,CG,GG,CC,GG,GG,GG,GG,AA,AA,CG,AG,AA,GG,AA,AA,AA,GG,CC,AA,AG,AG,AG,CC,AA,AA,AA,GG,AA,GG,GG,AA,GG,GG,AC,GG,AG,AA,GG,AA,AG,AA,AG,AA,AC,CC,AG,AG,AG,AG,AA,CG,GG,GG,GG,AG,AA,AG,AG,GG,CC,AA,CC,AA,AG,AA,GG,TT,GG,GG,GG,GG,AA,AG,AA,AG,AG,CC,AA,GG,AC,GG,GG,AT,AA,AA,AG,CC,AG,GG,GG,GG,GG,AA,GG,AA,GG,AA,AG,AG,CC,AG,AG,GG,GG,GG,AA,AA,AA,AA,AA,AG,AA,CC,CC,GG,CC,GG,AG,AA,AT,AA,GG,CG,AA,AA,AA,AA,GG,GG,AA,TT,GG,TT,AA,GG,AG,AG,AG,GG,AA,AG,AA,GG,GG,GG,CC,GG,GG,GG,AG,AA,AA,AA,AG,AG,CC,GG,AA,GG,GG,AA,GG,AA,GG,GG,AC,AG,GG,CC,AA,GG,AG,AA,GG,GG,AC,AA,AG,GG,CC,GG,AA,CC,GG,CG,AA,GG,AG,GG,GG,GG,AA,AA,GG,GG,AA,AA,AG,AC,AA,GG,CC,AG,AA,AA,GG,GG,AA,AG,GG,AT,AG,AA,GG,--,AG,GG,AA,AA,GG,GG,AA,AA,GG,AG,AA,AG,CC,GG,AG,GG,GG,GG,GG,AA,--,AG,CC,AA,AA,AA,GG,AA,AA,AA,AG,GG,AA,AG,GG,SD
135,AC,GG,GG,AC,GG,AA,AG,AA,GG,GG,AG,CC,AG,AA,GG,AA,AG,CC,AG,AA,AG,GG,GG,GG,CG,AG,AG,AA,CC,AA,GG,AA,GG,CC,AG,GG,CC,GG,AA,AA,AG,CC,AA,CG,AA,GG,AG,CC,GG,AC,AG,GG,AA,CC,AG,GG,GG,TT,AA,AG,AA,AA,GG,AG,CC,AG,GG,GG,GG,AA,AG,CG,GG,GG,AG,AA,GG,AC,AG,CC,AA,GG,GG,AA,CC,AG,GG,TT,GG,GG,GG,CC,AA,AG,GG,CC,AA,GG,AA,GG,AG,AA,AA,AA,AA,CC,CC,AA,AA,GG,AG,AG,CG,AG,GG,GG,AA,AA,AG,AG,AA,AA,AA,CC,AA,AG,GG,CG,TT,GG,GG,AG,GG,AG,GG,AA,GG,AG,CC,AG,AG,AC,CG,AG,TT,AC,AG,GG,CC,GG,AA,GG,CG,AG,AA,GG,AA,GG,AG,GG,AG,CC,GG,AG,GG,CC,GG,AG,AA,AA,AG,GG,AA,AA,CC,CC,AA,GG,CG,AA,AA,TT,AA,AG,GG,AA,AG,AA,AA,AG,AA,AA,AA,GG,TT,AA,GG,AA,AA,AG,AG,AG,AA,AG,AA,AA,AG,CC,AG,GG,GG,GG,AG,AG,AG,AA,AA,AA,AG,AA,AG,GG,AA,GG,AA,GG,GG,AC,GG,GG,CC,AA,AA,AG,AA,GG,GG,CC,AA,GG,CG,AA,GG,AA,CG,GG,GG,AA,CG,AA,GG,GG,GG,AA,GG,AG,GG,AG,AG,GG,AA,GG,GG,CC,GG,AA,AA,GG,GG,AA,AA,AA,AT,AG,AT,GG,GG,AG,GG,AA,AT,GG,AG,GG,AT,AG,GG,AA,GG,CC,GG,GG,GG,GG,GG,GG,GG,GG,GG,AC,AC,AG,GG,AG,AA,AA,AA,GG,GG,AG,GG,AG,DF
145,CC,AG,AG,AA,GG,AA,AG,AA,GG,GG,AG,CG,AG,AG,GG,AA,AA,AC,AG,GG,GG,CC,GG,GG,CG,AG,GG,AA,CG,AA,GG,GG,GG,CC,AG,GG,CC,GG,AG,AA,GG,CC,AA,GG,AA,GG,AG,AC,GG,AA,AG,GG,AA,CC,AG,GG,GG,TT,AG,AG,AA,AC,GG,AG,CC,AG,AA,GG,GG,AA,AG,GG,GG,AG,GG,AA,AA,AA,GG,CG,AA,GG,GG,AA,CC,AA,AA,AA,GG,AA,GG,GG,CC,AA,GG,CC,GG,GG,AG,AG,AA,AA,AG,AA,AG,CC,AC,AG,AG,AA,GG,GG,CG,GG,AG,GG,AA,AA,AG,AA,AA,--,AA,CC,AA,AG,AA,GG,TT,GG,AG,GG,GG,GG,GG,AG,GG,AA,CC,GG,GG,CC,CG,AG,AT,AC,AG,AG,CC,GG,GG,GG,GG,AA,AC,AG,AA,GG,AG,--,AA,CC,AG,GG,GG,CC,AG,GG,AA,AA,AG,GG,AA,AA,AC,CC,AG,CC,GG,AG,AG,TT,AA,GG,GG,AA,AG,AG,AA,GG,AG,AA,AT,GG,TT,AG,GG,AG,AA,GG,GG,AG,AA,AA,GG,GG,GG,CC,AG,GG,GG,GG,AA,AG,AG,AA,AG,AC,AG,AA,GG,GG,GG,GG,AA,GG,AG,AA,GG,GG,CC,AG,AG,AG,AA,GG,GG,AC,AG,AG,CG,CC,GG,AA,CC,AG,CG,AC,CG,AA,AG,GG,GG,AA,GG,GG,GG,AG,AG,GG,AA,GG,AG,--,AA,AA,AA,AG,GG,AA,AG,AA,AT,GG,AT,AG,GG,GG,CG,GG,AT,AG,AG,GG,TT,AG,GG,AA,GG,CC,GG,GG,CG,GG,GG,GG,GG,GG,GG,AC,AC,AA,AG,AG,AA,AA,AA,GG,GG,AG,GG,GG,SD
171,CC,AA,AG,AA,AA,AA,AA,AA,GG,GG,GG,CG,GG,--,GG,AA,AG,AA,GG,AA,AG,GG,GG,GG,CC,AG,--,--,CG,GG,AG,AA,GG,CC,AG,GG,CC,GG,AA,AA,GG,GG,AA,CC,AA,--,GG,CC,GG,AA,GG,AG,AA,CC,AA,GG,GG,TT,--,AG,AG,CC,CG,AG,CC,GG,AG,GG,GG,AA,AA,CG,GG,AA,GG,AA,AA,AA,--,CC,AA,GG,GG,AA,CC,AG,AG,TT,GG,AA,--,GG,AA,GG,AG,CC,--,GG,GG,GG,AA,--,--,GG,--,AA,AC,AG,AG,AG,GG,AG,CG,GG,AG,GG,--,AA,AG,AG,AA,AA,AA,CC,AA,AG,--,GG,TT,AA,AA,GG,GG,GG,GG,AA,GG,AA,--,AA,GG,CC,CG,--,AT,AC,AG,--,CC,GG,GG,GG,GG,AG,AC,GG,AC,GG,AA,GG,AA,CC,AA,AG,GG,GG,GG,GG,AA,AA,AA,AA,AA,--,CC,CC,AA,GG,GG,AG,AG,TT,AA,GG,CG,AA,GG,GG,AA,GG,GG,AG,TT,GG,AA,AA,GG,AA,AA,AG,AG,AG,AG,AA,AG,--,AG,CC,AG,GG,AG,AA,AG,GG,GG,AA,AG,CC,AG,--,GG,GG,GG,GG,AA,AG,AG,AC,AA,GG,CC,AA,GG,AG,AA,GG,GG,AC,AG,AA,GG,AC,GG,AA,--,GG,--,AA,GG,AA,GG,GG,GG,AA,AG,GG,GG,GG,GG,--,AA,--,GG,CC,AA,AA,AA,AG,GG,AA,AA,AA,TT,AA,--,GG,GG,AA,GG,AA,AA,--,GG,AG,AA,AG,GG,AA,AG,CC,GG,GG,--,GG,GG,GG,AA,GG,GG,AC,AC,AA,AA,AG,AA,AC,AA,GG,GG,GG,GG,AG,DF
189,AC,AA,AA,AA,AG,AG,AA,AA,GG,AA,GG,CC,GG,AA,GG,AA,GG,AC,AG,GG,AA,CG,GG,GG,CC,AG,--,AA,CG,GG,GG,AG,GG,CG,AG,GG,CC,GG,AA,AA,AG,GG,AA,CG,AC,AG,GG,CC,GG,AA,AG,AA,AA,AA,AA,GG,GG,TT,AG,AG,AA,AC,GG,GG,CC,GG,AG,GG,AG,AA,AA,GG,GG,GG,GG,AA,GG,AC,GG,CC,AA,GG,GG,AA,CG,AA,AA,TT,GG,GG,GG,CC,AA,AG,GG,CC,AG,GG,AG,AG,AA,AA,AA,AA,AA,CC,AC,AG,AG,AG,AA,AG,GG,AG,GG,CG,AA,AA,GG,GG,GG,CC,AA,CC,AA,GG,GG,CC,TT,GG,AA,GG,AG,AA,AG,AA,AG,AG,CC,GG,AA,CC,CG,AG,AT,AA,GG,AG,CC,AG,AA,GG,CC,GG,AA,GG,AA,GG,AG,AG,AG,CC,AG,GG,GG,GG,GG,AA,AC,AA,GG,GG,AA,AA,CC,CC,AG,CG,GG,AG,AA,AT,AA,GG,CG,AA,AG,AA,AA,GG,AA,AA,AA,GG,AA,AA,GG,AG,AG,AG,AG,AA,AG,AG,AG,GG,AG,CC,AG,GG,GG,GG,AA,AA,AA,AA,AG,CC,GG,AG,GG,GG,AA,AA,AA,GG,GG,CC,AG,GG,AA,AA,AG,AA,AA,AG,GG,AC,AG,AA,GG,AA,GG,AA,CC,GG,CG,AC,CG,AA,AG,AG,GG,AA,GG,GG,GG,AA,AA,AG,AA,AG,GG,CC,AG,AA,AA,GG,GG,AA,AG,GG,AA,AG,AA,GG,--,AG,CC,AA,AA,GG,GG,AA,TT,GG,AG,AG,GG,CC,GG,GG,GG,GG,GG,GG,GG,--,AG,AC,AA,AA,GG,GG,AA,AA,AA,GG,AG,GG,GG,GG,SD
193,CC,AG,AG,AA,GG,AG,AG,AT,GG,GG,AG,CG,AG,AG,GG,AG,GG,AA,AA,AG,AA,GG,GG,GG,CG,AA,AG,AA,CC,AA,AG,GG,GG,CG,GG,GG,AA,GG,AA,AA,GG,CG,AC,GG,AA,GG,GG,CC,GG,AC,AA,GG,AA,CC,AA,GG,GG,TT,AA,AG,AA,AC,GG,AG,CC,AG,AG,AG,GG,AA,AG,GG,AG,AA,GG,AA,GG,AC,AG,CC,AA,GG,GG,AA,CC,AA,AG,TT,GG,GG,GG,CC,AA,AG,GG,CC,AG,GG,AG,GG,AG,AG,AG,AG,AG,CC,AC,AA,GG,AG,AG,AG,GG,AG,AG,GG,AA,AA,AG,AA,AA,AC,AA,CC,GG,GG,AG,GG,TT,GG,AG,GG,GG,AA,GG,GG,AG,AG,CC,AG,GG,AC,GG,GG,AT,AA,GG,AA,CC,AG,GG,GG,GG,AA,AC,GG,AA,GG,GG,GG,GG,CC,AG,AG,GG,CC,AG,AA,AA,AA,AA,GG,AA,AA,CC,CC,AG,CG,GG,AA,AG,TT,AA,AG,CG,AA,AG,AA,AA,AG,AG,AG,AT,GG,TT,AA,AG,AG,AG,AA,AG,AA,AA,AA,GG,GG,AG,CC,AG,AG,GG,AG,AG,GG,GG,AA,AG,AC,AG,AA,AG,GG,AA,AG,GG,GG,GG,AA,AG,AG,AC,GG,GG,AG,AA,GG,GG,AC,AA,AG,CC,AC,GG,AA,CC,--,GG,AA,CG,AA,GG,AG,GG,AA,AA,GG,GG,AG,AG,AG,AA,AG,GG,CC,AA,AA,AA,GG,GG,AG,AA,AG,TT,AA,AT,GG,GG,AA,GG,AA,AA,GG,AA,GG,AT,AA,GG,AA,GG,CC,CG,GG,GG,AG,GG,GG,GG,GG,GG,AA,CC,AA,GG,AA,AA,AA,AA,GG,GG,AG,GG,AA,SD
198,CC,AA,AG,AA,GG,AA,AG,AT,GG,AA,AG,CC,AG,AA,AG,AA,GG,CC,GG,AG,GG,GG,GG,GG,CC,AG,AG,AG,CC,GG,AA,GG,GG,GG,GG,AG,CC,GG,AA,AA,GG,CC,AC,CG,AA,GG,GG,CC,GG,AC,GG,GG,AA,AC,AG,GG,GG,AT,AA,AG,AG,AC,CC,AG,CC,GG,GG,AG,GG,AA,AG,GG,GG,AA,GG,AA,GG,AA,GG,CC,AC,AG,GG,AA,CC,AA,AG,TT,GG,GG,GG,CC,AA,AA,AG,CC,AG,AG,AG,AG,AA,AA,AA,AA,AG,CC,CC,AA,AA,AG,GG,AG,CG,AG,GG,GG,AA,AA,GG,AG,AG,AC,AG,CC,AA,AG,AG,CC,TT,GG,AG,GG,AG,GG,GG,AA,AG,GG,CC,AG,AG,AC,GG,GG,AT,CC,AG,GG,CG,AA,GG,GG,CG,AG,AC,GG,AA,GG,AG,GG,AA,CC,AG,AG,GG,GG,AG,GG,AC,AA,AA,AA,AA,AA,AC,CG,AG,GG,GG,AA,AA,TT,AA,GG,CC,AA,AG,AG,AA,GG,AA,AA,AT,GG,AA,AA,GG,AA,AA,GG,GG,GG,AA,AA,AA,AG,GG,CC,GG,AG,GG,GG,AA,AA,GG,AA,AA,CC,AG,AA,GG,GG,AA,GG,AA,GG,GG,AC,GG,AG,CC,AA,AA,AG,AA,AG,GG,AC,AA,AG,GG,AA,GG,AA,CG,AG,GG,AC,CG,AA,AG,GG,GG,AA,AG,GG,GG,AA,AA,GG,AC,GG,GG,CC,AG,AA,AA,GG,GG,AA,AG,AG,AT,GG,AT,--,GG,GG,GG,AG,AA,GG,AA,GG,AT,GG,GG,AG,GG,CC,GG,GG,GG,AG,GG,GG,AA,CC,GG,AC,AA,AG,GG,AG,AG,CC,AG,GG,GG,GG,GG,AG,SD
201,CC,AA,GG,AA,GG,AA,AA,AA,GG,GG,GG,CC,AG,AA,AG,AA,AA,AC,GG,GG,GG,GG,GG,GG,CG,AG,AG,AA,GG,AA,AG,AG,GG,CC,AG,AG,CC,GG,AG,AA,GG,CG,AA,CC,AA,GG,GG,CC,AG,AC,GG,GG,AA,CC,AG,AG,GG,TT,GG,AG,AA,CC,CG,GG,CC,AG,GG,GG,GG,AA,AA,CG,GG,AA,GG,AA,AG,AA,GG,CG,AA,GG,GG,AA,CG,AA,AA,TT,AA,GG,AG,CG,AC,AA,GG,AC,AG,GG,AG,AG,AA,AA,AA,AG,AG,AC,CC,AG,AG,AG,GG,AG,CG,AA,GG,GG,AG,AA,AA,AA,AA,AC,AA,CC,AA,AG,AA,GG,TT,GG,AG,AG,AG,GG,GG,AG,GG,AA,AC,AA,GG,AC,GG,GG,AT,CC,AA,AG,CC,GG,AG,GG,GG,AG,AC,GG,AA,GG,AG,--,AG,CC,AG,GG,GG,GG,AG,GG,AC,AA,AG,GG,AA,AA,CC,CC,AA,GG,GG,AG,AA,TT,AA,GG,GG,AA,AG,AA,AA,GG,AA,AA,AA,GG,TT,AA,GG,AG,AA,GG,GG,AG,AA,AA,AG,AG,AG,CC,GG,GG,GG,AA,AA,GG,GG,AA,AA,AC,GG,AA,GG,GG,AA,AG,AA,GG,AG,AC,GG,GG,CC,AG,GG,AG,AA,AG,GG,AC,AG,AG,CG,AA,GG,AA,CC,GG,GG,AA,CG,AA,GG,AG,GG,AA,AG,GG,GG,AG,AG,GG,AC,GG,GG,CC,AG,AG,AA,GG,AG,AA,AA,AA,TT,AA,AT,GG,GG,AA,CG,AG,AT,GG,AG,AG,AA,AA,GG,AA,AG,CC,GG,GG,CG,GG,AG,GG,AA,CC,GG,AC,CC,AG,AG,AG,AA,AA,AG,AG,GG,GG,GG,GG,SD
203,CC,AA,GG,AC,GG,AA,AA,AA,GG,AG,GG,CC,AG,AG,GG,AG,AG,AC,GG,AG,AG,GG,GG,GG,CG,AG,AA,AG,GG,AA,AG,AA,GG,CC,GG,AG,CC,GG,AG,AA,GG,CG,AA,CC,AA,GG,GG,CC,AG,AC,GG,GG,AA,CC,GG,AG,GG,AT,AG,AG,AG,CC,CG,GG,CC,GG,GG,AG,AG,AA,AA,CG,GG,AA,GG,AA,AA,AA,GG,CC,AA,GG,GG,AA,CG,AA,AG,TT,AG,GG,AG,CC,AA,AG,GG,CC,GG,AG,AA,AA,AA,AG,AA,AG,AG,CC,CC,AA,GG,AG,GG,AG,GG,AG,GG,GG,AG,AA,AA,AA,AA,AA,AG,CC,AA,GG,AA,GG,TT,AG,AG,AG,AA,GG,GG,AG,GG,AA,CC,AA,GG,AC,CG,AG,TT,AC,AG,AA,CC,GG,GG,AG,GG,AG,AC,GG,AA,GG,AA,GG,AG,CC,AA,AG,GG,GG,AA,AG,AC,AG,AG,GG,AA,AA,CC,CC,AA,GG,GG,AA,AA,TT,AA,GG,CG,AA,AA,AA,AA,GG,AA,AA,AT,GG,TT,AA,GG,AG,AA,AG,GG,AA,AA,AA,GG,GG,GG,CC,GG,GG,GG,AG,AA,GG,GG,AA,AG,CC,GG,AA,GG,GG,AG,AG,AA,GG,AG,AC,GG,GG,CC,AG,GG,AG,AA,AG,GG,AC,GG,AG,CG,AA,GG,AA,CC,GG,GG,AA,CG,AA,GG,AG,AG,AA,GG,AG,GG,AA,AA,AG,AC,GG,GG,CC,AA,AG,AT,GG,GG,AA,AG,AG,AT,AG,AA,AG,AG,AG,GG,AG,AA,GG,AG,AG,AA,AA,GG,AG,AG,CC,GG,GG,GG,AG,AG,GG,AA,CG,GG,AC,CC,AA,AG,AG,AA,AA,GG,AG,GG,GG,GG,GG,SD
204,AA,GG,GG,AC,GG,AA,AA,AA,CG,GG,GG,CC,GG,AA,GG,AA,AG,AA,GG,AG,AA,GG,AG,GG,CG,AG,AG,AA,CC,AA,GG,AA,GG,CG,GG,GG,CC,AG,AA,AA,GG,CC,AC,CG,AA,GG,GG,CC,GG,AC,GG,GG,AA,CC,AG,GG,GG,TT,AA,AG,AA,AA,CG,GG,CC,GG,GG,GG,AG,AA,AA,GG,GG,AA,GG,AA,GG,AC,GG,CG,AA,GG,GG,AA,CC,AA,AG,TT,AA,GG,AA,CC,AA,AG,GG,AC,AG,GG,GG,GG,AA,AA,AA,AG,AG,CC,AC,GG,AA,AG,GG,AG,GG,AG,GG,GG,AG,AA,GG,GG,AG,AC,AA,CC,AA,GG,GG,CC,TT,GG,AG,AG,AG,AG,AG,GG,GG,AG,AC,AG,AA,AC,GG,GG,AT,AC,AG,GG,CG,AG,GG,GG,CC,AA,AC,AG,AC,AG,GG,AG,GG,CC,AG,AG,GG,CC,AG,AG,AC,AA,AG,GG,AA,AA,AA,GG,GG,GG,CC,AA,AA,TT,AA,AG,CG,AA,GG,AA,AA,GG,AG,AG,AT,GG,TT,AA,GG,AG,AG,GG,GG,AG,AG,AA,AG,GG,AA,CC,GG,GG,AG,AA,AA,AG,AG,AA,AA,CC,AG,AG,GG,GG,AA,GG,AA,GG,GG,CC,AG,GG,CC,GG,GG,AG,AA,GG,GG,AC,AG,GG,CG,AA,GG,AA,CG,GG,GG,AA,CC,AA,GG,GG,GG,AA,GG,GG,GG,AG,AG,AG,AC,GG,GG,CC,AA,AA,AA,GG,GG,AA,AG,AG,AT,AG,AT,GG,GG,AG,CG,AG,AT,AG,AA,GG,AT,AG,GG,AG,AG,CC,CG,GG,CG,GG,GG,GG,GG,GG,GG,AC,AC,AG,GG,AG,AA,AA,AA,GG,AG,GG,GG,GG,SD
205,AC,AA,GG,AC,GG,AG,AA,AA,GG,AG,GG,CG,AG,AA,GG,AG,AG,AC,AG,AG,GG,CG,GG,GG,CG,AG,AG,AA,CG,AA,GG,AA,GG,CC,GG,GG,CC,GG,AA,AA,AA,CG,AC,CG,AA,GG,GG,CC,GG,AA,AG,AG,AC,CC,AA,GG,GG,TT,AG,AG,AG,AC,CG,GG,CC,AG,GG,GG,GG,AA,AG,GG,AG,AG,GG,AA,AA,AA,GG,CG,AA,GG,GG,AA,CC,AA,AG,AA,GG,AA,GG,GG,CC,GG,GG,CC,GG,AG,AG,AG,AG,AA,AG,GG,AG,CC,AC,AG,GG,AG,GG,AG,CG,GG,GG,GG,AA,AA,AA,AA,AA,AC,AA,CC,AG,AG,AA,GG,TT,AA,AG,GG,GG,GG,GG,AG,AG,AA,CC,AA,GG,CC,CC,AA,TT,AC,GG,AG,CC,GG,GG,GG,GG,GG,AA,AG,AA,GG,AG,AG,AG,CG,AG,AG,GG,GG,AG,GG,AA,AA,AA,AG,AG,AA,CC,CC,AG,CG,GG,AA,AA,TT,AA,GG,CC,--,AG,AA,AA,GG,AG,AG,AT,AA,TT,AA,AA,GG,GG,AG,GG,AG,AG,AA,GG,GG,GG,CC,GG,AG,GG,AA,AG,GG,AA,AA,AA,AC,AG,AA,GG,CG,GG,AA,AA,GG,GG,CC,AG,GG,AC,AG,AG,AG,AA,GG,AG,CC,AG,AG,GG,AC,GG,AT,GG,GG,CG,AA,GG,AG,GG,GG,GG,AA,GG,AG,GG,AG,AG,AG,AA,AG,GG,CC,AG,AA,AA,GG,GG,AA,AA,AA,TT,AA,TT,GG,GG,AA,CG,AG,AA,GG,AG,GG,AT,AG,GG,AA,AG,CC,GG,GG,GG,GG,GG,GG,AA,--,GG,AC,CC,AA,AG,GG,AA,AA,AG,AG,GG,GG,GG,AG,SD
206,AC,AG,AG,AC,GG,AA,AA,AA,GG,GG,AG,CC,GG,AG,GG,GG,GG,AA,AA,AA,GG,CG,GG,GG,CC,AG,AG,AA,CG,GG,GG,AA,GG,CC,AG,GG,AC,AG,AA,AG,GG,CC,AA,GG,AA,GG,GG,CC,AG,AA,AG,GG,AA,CC,AG,GG,GG,AT,AG,AA,AG,AC,CG,GG,CC,AA,GG,GG,GG,AA,AG,GG,GG,GG,AG,AA,AA,AC,GG,CC,AA,GG,AG,AA,CC,AA,AA,AA,GG,AA,GG,GG,CC,AA,GG,CC,AA,AG,AG,AG,GG,AG,AG,AG,AG,CC,CC,AG,GG,GG,GG,AA,GG,AG,GG,GG,AA,AG,AG,AG,AA,--,AA,CC,AA,GG,AA,GG,TT,GG,GG,GG,GG,AG,GG,GG,GG,AA,AC,AG,GG,CC,CG,AG,TT,AA,AG,AG,CC,GG,GG,AG,GG,AG,AA,GG,AA,GG,AA,GG,AA,CC,AA,GG,GG,CC,AA,AG,AC,AA,AA,AG,AG,AA,AC,CC,AG,CG,GG,AA,AA,AT,AA,GG,CC,AC,AG,AG,AA,AG,AG,AG,AT,GG,AA,AA,AG,AG,AG,AA,AG,AA,AA,AA,GG,AA,AG,CC,AG,GG,GG,AG,AA,GG,GG,AA,AG,AC,GG,AA,GG,GG,GG,GG,AG,GG,GG,AA,GG,GG,CC,GG,GG,GG,AA,AG,GG,AA,AG,GG,CG,AA,AG,AT,CG,GG,GG,AC,CG,AA,AG,GG,GG,AA,GG,AG,GG,AG,AG,AA,AC,GG,AG,CC,AA,AA,AA,GG,GG,AA,AA,AG,TT,AA,AT,AG,AG,AA,GG,AG,AA,GG,AG,AG,AT,GG,GG,AA,GG,CC,GG,GG,GG,GG,GG,GG,GG,--,AG,CC,AC,AA,AG,GG,AA,AA,AA,AG,GG,GG,AG,AG,SD
220,AC,AA,AA,AA,AG,AA,AA,AA,GG,GG,AG,CC,AG,AA,AG,AG,AA,AA,AG,AA,GG,GG,GG,GG,CG,AA,AG,GG,CC,AG,GG,AA,GG,CC,GG,GG,CC,GG,AA,AA,AG,CG,AA,CC,AA,AG,GG,CC,GG,AA,GG,GG,AA,AC,AA,GG,GG,TT,AA,AA,AG,CC,CC,GG,CC,AG,GG,AG,GG,AG,AG,GG,GG,AA,GG,AG,AG,AA,GG,CC,AA,GG,GG,AA,CC,GG,AA,AT,GG,AG,GG,CG,AA,AG,AG,CC,GG,GG,AG,AA,AA,AA,AG,AA,AG,AC,CC,AG,GG,AG,GG,AA,CG,AG,AG,GG,AA,AA,AA,AA,GG,--,AG,CC,AG,AG,AA,CG,TT,AG,AG,GG,GG,AG,GG,AG,GG,AA,CC,AG,GG,CC,CG,AG,AT,AA,GG,AG,CC,GG,AG,GG,GG,AG,AC,AG,AA,GG,AA,GG,AG,CC,AA,AG,GG,GG,GG,AA,AA,AG,AG,GG,AA,AA,AC,CC,AG,CG,GG,AG,AG,TT,GG,GG,CC,AA,AG,AA,AA,GG,AA,AA,TT,AG,TT,AG,AA,GG,GG,AA,AA,AA,AA,AG,GG,AG,GG,CG,GG,AG,AG,GG,AG,AA,AG,AA,AA,CC,GG,AA,GG,CG,AG,AA,AA,AG,GG,AA,AG,GG,CC,AG,GG,AA,AA,GG,AG,AC,AG,AG,CG,AA,GG,AA,CC,GG,GG,AA,CG,AA,GG,GG,GG,AA,AG,GG,AG,AA,AA,AG,AC,GG,GG,CC,AA,AA,AA,GG,GG,AA,GG,GG,AA,GG,AA,GG,--,GG,CG,AA,AA,GG,GG,GG,AT,AA,GG,AG,AG,CC,GG,GG,CG,GG,GG,GG,AA,CG,GG,AA,CC,AA,AG,AA,AA,AA,AG,AA,GG,GG,GG,GG,SD
224,CC,AG,AG,AC,AG,AG,AA,AA,GG,AG,AG,CG,AG,AG,AG,AA,AG,AC,AG,AG,AG,CG,GG,GG,GG,AA,AG,AA,CC,AA,AA,AG,GG,CC,AG,GG,CC,GG,AA,AA,GG,CC,AA,CG,AA,AG,AG,AC,AG,AC,GG,AG,AA,CC,AA,GG,AG,TT,AG,AA,GG,AC,GG,GG,CC,GG,GG,GG,GG,AA,AA,GG,AG,AA,GG,AG,AG,AA,GG,CC,AA,AG,GG,AA,CC,AG,AG,AA,GG,AA,GG,GG,CC,AG,AG,CC,AG,GG,GG,AG,AA,AG,AG,AA,AG,CC,AC,GG,AA,GG,AG,AA,GG,AG,AG,GG,AA,AA,AA,AA,GG,CC,AA,CC,AA,GG,AG,CG,AT,GG,AA,GG,GG,GG,GG,AA,GG,AA,CC,AA,AG,AC,GG,GG,AT,CC,GG,GG,CC,GG,AG,GG,CG,GG,AC,GG,AA,GG,AG,GG,AG,CG,GG,GG,GG,CG,AG,GG,AA,AA,AG,AG,AA,AA,CC,CC,AG,CG,GG,AG,AA,TT,AA,AG,CC,AA,GG,AG,AA,GG,AG,AG,AT,GG,TT,AA,GG,AA,AA,GG,GG,GG,AG,AA,AG,GG,AG,CC,AG,GG,--,GG,AG,AA,GG,AA,AG,CC,GG,AA,GG,CG,AA,AG,AA,AG,GG,AC,GG,GG,CC,AG,AG,AG,AA,GG,AG,AC,AA,AG,GG,AA,GG,AA,CG,GG,GG,AC,GG,AA,AG,GG,GG,AA,GG,AG,GG,AA,AA,AA,AA,AG,GG,CC,AG,AA,AA,GG,GG,AA,GG,GG,AA,GG,AA,GG,--,GG,GG,AA,AA,GG,AG,AG,AA,GG,GG,AA,GG,CC,GG,AG,GG,GG,AG,GG,AG,CG,GG,AC,AA,AA,AG,GG,AA,AC,AG,GG,GG,AG,AG,GG,SD
241,CC,AG,AG,AC,GG,AA,AA,AA,GG,AG,AG,CC,AG,AG,AA,AA,AG,AC,AG,AG,GG,GG,AG,GG,CC,AA,AG,AA,CG,AG,GG,AG,GG,CG,GG,GG,CC,GG,AG,AA,AG,CC,AA,GG,AA,GG,GG,CC,GG,AA,GG,AA,AA,CC,AG,AG,AG,TT,AA,GG,AA,AA,CG,AG,AC,GG,AG,GG,GG,AA,AG,CG,GG,AG,GG,AG,GG,AA,AA,CC,AA,GG,GG,AA,CC,AA,AA,TT,GG,GG,GG,CC,AA,GG,AG,CC,AA,GG,GG,GG,AA,AG,AA,AA,AA,CC,AC,AA,AG,AG,GG,AG,GG,GG,AG,GG,AG,AA,GG,GG,GG,AC,AA,CC,AA,GG,GG,CC,TT,AG,AA,GG,GG,GG,AG,AG,GG,AG,CC,AG,AA,CC,GG,GG,AT,AC,AG,AG,CG,AG,AG,GG,CC,AA,AA,GG,AC,GG,GG,GG,AG,CG,GG,AG,GG,CC,AA,AG,AA,AA,AA,GG,AA,AA,AC,CC,AG,CG,GG,AA,AG,TT,AA,GG,GG,AA,GG,GG,AA,GG,AG,AG,AT,AA,TT,AG,GG,GG,AG,GG,GG,AA,AA,AA,GG,GG,GG,CC,GG,GG,GG,AG,AA,AA,AG,AG,AG,CC,GG,AG,GG,GG,AA,GG,AA,AG,GG,AA,GG,AG,CC,AG,AG,AA,AA,GG,GG,CC,AG,GG,CC,AA,GG,AA,CG,GG,GG,AA,CC,AA,GG,GG,AG,AA,AG,GG,GG,AG,AG,GG,AC,GG,AG,CC,GG,AA,AA,GG,GG,AG,AG,AG,AA,AG,AT,AG,--,AA,CC,AG,AA,GG,GG,AG,AT,AG,GG,AG,AG,CC,GG,GG,GG,GG,GG,GG,GG,GG,AG,AC,CC,AA,GG,AG,AG,AA,AA,AA,GG,AG,GG,AG,SD
243,AC,AG,GG,AA,AG,AA,AG,AT,GG,AA,AG,CC,AA,AG,GG,AA,AG,CC,AA,AA,AA,CG,GG,GG,CG,GG,AG,GG,CC,AG,AG,AA,GG,CC,AG,AG,CC,GG,AA,AA,AG,CG,AC,CG,AA,GG,GG,CC,GG,AA,AG,AA,AA,CC,AG,GG,GG,AT,AA,AG,AG,CC,GG,GG,CC,GG,AA,GG,GG,AG,AA,GG,GG,AA,GG,AA,AA,AA,GG,CC,CC,AG,GG,AA,CG,AA,AG,TT,AG,GG,GG,CG,AA,AG,GG,CC,AG,AG,AA,GG,GG,AG,AA,GG,AG,AC,AC,AG,AG,AG,AA,AG,CG,AG,AG,GG,AA,AA,GG,AG,AA,AC,GG,CC,AA,--,AA,CG,TT,AA,AG,GG,GG,AA,GG,AA,AG,AA,AC,AA,GG,CC,CG,AG,AT,AC,AG,AG,CC,GG,GG,AG,GG,AG,AA,GG,AC,GG,AG,GG,AA,CC,AG,GG,GG,GG,AG,AA,AC,AA,GG,GG,AA,AA,CC,CC,AA,GG,GG,AG,AA,TT,AA,GG,CC,AA,AA,AA,AA,GG,AA,AA,TT,AG,TT,AA,GG,AA,AA,AG,AG,AG,AA,AG,AG,AG,GG,CG,GG,GG,GG,AA,AA,AG,AA,AA,AG,CC,GG,AG,GG,GG,GG,AA,AA,GG,GG,AC,GG,AG,CC,AG,GG,AA,AA,GG,AG,AC,AA,AG,GG,AA,GG,AA,CC,GG,GG,AA,GG,AG,GG,GG,GG,AA,AG,GG,GG,AG,AG,AA,AC,GG,GG,CC,AG,AA,AA,GG,GG,AA,AA,AA,TT,AG,TT,AG,GG,AG,CG,AG,AA,GG,AG,AG,AA,GG,GG,GG,AG,CG,GG,GG,GG,GG,GG,GG,AA,GG,GG,CC,AA,AA,AG,GG,AG,AA,AA,AG,GG,GG,AG,AA,DF
246,CC,AG,AG,AA,GG,AA,AA,AT,GG,AG,AA,CG,GG,AG,AA,AA,AG,AA,AG,GG,AA,GG,GG,AG,CC,AG,AG,AA,CG,AA,AG,AG,GG,CG,GG,GG,CC,GG,AG,AA,GG,CC,AA,CC,AA,GG,GG,CC,AG,AC,GG,GG,AA,CC,AG,GG,GG,TT,--,AG,AG,AC,GG,AG,CC,AA,AG,GG,GG,AA,AA,CG,AG,AG,GG,AA,AA,AA,GG,CC,AA,GG,GG,AA,CC,AA,AA,TT,GG,AA,GG,GG,AA,AG,GG,AC,AG,GG,AG,GG,AA,AG,AA,AA,AA,CC,CC,AG,AG,AG,GG,AG,CG,GG,AG,GG,AA,AA,GG,AG,AA,AC,AA,CC,AA,AG,AA,GG,TT,GG,AA,AG,GG,AA,GG,GG,AG,AG,CC,AA,AG,AC,CG,AG,TT,CC,GG,AG,CC,AG,GG,GG,CG,GG,AC,GG,AC,AG,AA,AG,AG,CC,AG,AA,AG,GG,AG,AA,AC,AA,AA,GG,AA,AA,AC,CG,AG,GG,GG,AA,GG,TT,AA,GG,CG,AA,AG,AA,AA,GG,AG,AG,AT,AA,TT,AA,GG,AG,AA,GG,GG,AG,AG,GG,GG,AG,GG,CC,GG,GG,GG,AG,AA,GG,GG,AA,AG,CC,AG,AG,GG,GG,AA,AA,AA,GG,AG,AC,GG,AA,CC,GG,GG,AA,AA,AG,GG,AC,AA,AG,CC,AA,GG,AT,CG,GG,CG,AC,CG,AA,AG,GG,GG,AA,GG,GG,GG,GG,GG,AG,AA,GG,GG,CC,AG,AA,AT,AG,GG,AA,AA,AA,TT,AA,TT,GG,GG,AA,CG,AG,AA,GG,AG,AG,AT,AG,GG,AA,GG,CC,GG,AG,GG,GG,GG,GG,AA,GG,AG,AC,AC,AA,GG,AG,AA,AA,--,GG,GG,GG,GG,GG,SD
248,CC,AG,AG,AC,GG,AA,AA,AA,GG,AG,AG,GG,GG,GG,AG,AA,AG,AC,AG,AA,GG,CC,GG,GG,CC,AG,GG,AG,CC,AG,GG,GG,GG,CC,GG,GG,CC,GG,AA,AG,AG,CC,AA,CG,AA,GG,GG,CC,GG,AA,GG,GG,AA,CC,AG,GG,GG,AT,AG,AG,AG,CC,GG,GG,CC,GG,GG,AG,GG,AA,AA,GG,GG,AA,GG,AA,AA,AC,GG,CC,AC,AA,GG,AA,CC,AA,AA,AT,GG,AA,GG,GG,AC,GG,GG,AC,AG,GG,GG,AG,AG,GG,GG,AA,GG,CC,AC,AG,AA,AG,GG,AG,GG,GG,AG,GG,AA,AA,AA,AA,AG,CC,AG,CC,AA,GG,AA,GG,TT,GG,AA,GG,GG,GG,AA,AG,AA,AA,CC,AA,AG,CC,CG,AG,AT,AA,AG,GG,CG,GG,GG,AG,CG,GG,AC,GG,AA,GG,AG,AG,AA,CC,AA,GG,GG,GG,AA,GG,AA,AG,GG,GG,AA,AA,CC,CC,AG,GG,GG,AA,AA,AT,AA,GG,CG,AA,GG,AG,AA,AG,AA,AA,AT,AG,AT,AA,GG,GG,GG,GG,GG,AA,AG,AA,GG,GG,AG,CC,GG,GG,GG,GG,AA,AG,AG,AA,GG,CC,AG,AG,GG,GG,AG,GG,AA,GG,GG,AA,AA,GG,AC,AG,AG,AA,AA,GG,GG,CC,AA,AG,GG,AC,GG,AA,CG,GG,CG,AC,CG,AA,AG,AG,GG,AA,GG,AG,AG,AG,AG,AG,AA,GG,GG,CC,AA,AG,AA,GG,GG,AA,AA,AG,AT,AA,AT,GG,GG,AA,GG,GG,AA,GG,GG,GG,AA,AG,GG,AG,GG,CC,GG,GG,GG,AA,AG,GG,AA,CG,GG,AC,AC,AA,AG,GG,AA,AA,AA,GG,GG,GG,GG,AA,SD
250,CC,AA,AG,AC,GG,AA,AA,AA,GG,AA,AG,CG,GG,AG,GG,AA,GG,AC,AA,AA,AG,CG,GG,GG,CG,AA,GG,AA,CC,AG,GG,AG,GG,CC,GG,GG,CC,GG,AA,AG,AA,CC,AC,CC,AA,GG,GG,CC,AG,AC,GG,AG,AA,AC,AG,GG,GG,AT,AA,AG,AG,AC,GG,GG,CC,GG,GG,AG,GG,AA,AA,GG,GG,AA,GG,AA,AG,CC,GG,CC,AA,AG,GG,AA,CC,AA,AG,AT,GG,AA,GG,GG,AC,GG,GG,CC,AA,AG,AG,AG,GG,AG,AG,AG,GG,CC,AC,GG,AA,AA,GG,AG,GG,GG,AG,GG,AA,AA,AA,AA,AG,CC,AA,CC,AA,GG,AG,CG,TT,GG,AA,AG,GG,AG,AG,AG,AG,AA,CC,AA,AG,AC,GG,GG,AT,AC,AG,GG,CG,GG,AG,AG,CG,GG,AC,AG,AA,GG,AG,AG,AG,CG,AG,AG,GG,CG,AG,AG,AA,AA,GG,GG,AA,AA,CC,CC,AG,CG,GG,AA,AA,TT,AA,GG,CC,AA,AG,AA,AA,AG,AA,AA,AA,GG,AT,AG,GG,AG,AG,GG,GG,AG,AG,AG,GG,AG,AG,CC,GG,AG,GG,AG,AA,AG,AG,AA,AG,CC,AG,AG,AG,GG,AG,AG,AA,GG,GG,AA,AG,GG,CC,AG,GG,AG,AA,GG,GG,AC,AA,AG,GG,AA,GG,AA,CG,GG,CG,CC,GG,AA,AA,GG,GG,AA,GG,AG,AG,AG,AG,AA,AA,GG,GG,CC,AG,AG,AA,GG,GG,AA,AG,AG,AT,AG,AT,GG,GG,AG,CG,AG,AA,GG,AG,GG,AT,AG,GG,AG,GG,CC,GG,GG,GG,AG,GG,GG,AG,GG,GG,AA,AC,AA,GG,AG,AA,AA,AG,GG,GG,GG,GG,AA,SD
256,CC,GG,AG,AA,AG,AA,AA,AA,GG,AG,GG,CG,GG,AG,AG,AA,AG,AA,AG,AG,GG,GG,GG,GG,CC,AG,AG,AA,CC,AG,GG,AG,GG,CG,AG,GG,CC,GG,AA,AA,GG,CC,AA,CG,AA,AG,AG,AC,GG,AA,AG,AG,AA,CC,AA,GG,GG,TT,AA,AG,AG,AC,CG,GG,CC,AG,AG,GG,GG,AA,AA,GG,GG,AG,GG,AA,AA,AA,GG,CG,AA,AG,GG,AA,CC,AG,AA,AT,GG,AA,GG,GG,AA,AG,AG,CC,AG,AG,AG,AG,AA,AG,AA,AA,AG,CC,CC,AG,AG,AG,GG,AG,GG,AG,AG,GG,AA,AA,GG,GG,GG,AC,AA,CC,AA,GG,AA,CG,TT,GG,AA,GG,AG,GG,GG,AG,AG,AG,CC,AA,AG,CC,GG,GG,AA,AA,GG,AG,GG,AG,GG,GG,CG,GG,AC,AG,AC,AG,AA,GG,GG,CG,AG,AA,AG,GG,AA,GG,AA,AA,AA,AG,AG,AG,AC,CG,AG,CG,GG,AA,AG,TT,AA,GG,CC,AA,AG,AG,AA,GG,GG,AG,TT,--,TT,AA,AG,AG,AG,AG,AG,AG,AA,AA,GG,AG,AG,CC,GG,GG,GG,GG,AA,AA,AG,AA,GG,CC,AG,AG,GG,GG,AA,AG,AA,AG,GG,AA,GG,AA,CC,AG,GG,AA,AA,GG,GG,CC,AA,GG,CG,AA,GG,AA,CC,GG,GG,AC,CG,AA,GG,GG,GG,AA,GG,GG,GG,AG,AG,AA,AA,GG,GG,CC,AG,AA,AA,AG,GG,AA,AG,GG,AT,AG,AT,GG,--,AG,CG,AG,AA,GG,GG,GG,AA,GG,GG,AG,GG,CC,GG,GG,GG,GG,AG,GG,AA,--,GG,CC,CC,AA,AG,GG,AG,AA,AG,AG,GG,AG,GG,GG,SD
260,CC,AA,AG,AA,AA,AA,AG,AA,GG,AG,AG,CC,GG,AG,GG,AA,AG,AA,AA,AG,AG,CC,GG,GG,CC,GG,GG,AA,GG,AG,GG,AA,GG,CC,AG,GG,CC,GG,AA,AA,AG,CC,AC,GG,AA,AA,GG,CC,AG,AA,AG,AG,AA,AA,GG,GG,GG,AT,AA,GG,AA,AC,CG,AG,CC,AG,GG,AG,GG,AA,AG,GG,GG,AG,GG,AA,AA,AC,AG,CC,AA,GG,GG,AA,CG,AA,AG,TT,AG,AG,AG,CG,AA,AG,GG,CC,AG,GG,AG,AG,AG,AG,AA,AA,AG,CC,AC,AG,GG,AG,AG,GG,GG,AG,GG,CG,AA,AA,GG,GG,AG,AC,AA,CC,AA,GG,AG,CG,AT,GG,AA,GG,GG,GG,GG,AA,GG,AA,CC,AA,AG,CC,CG,AG,AT,AA,AG,AA,CC,GG,GG,AG,CG,GG,AC,GG,AA,AA,AG,GG,AG,CC,AG,AG,AG,CC,AA,GG,AA,AG,AG,GG,AA,AA,AC,CG,GG,GG,CG,AG,AA,TT,AA,GG,CC,AA,AG,AG,AA,GG,AG,AA,AT,AG,AT,AG,AG,AG,AG,AA,AA,AA,GG,AA,GG,GG,AA,CC,AG,GG,AG,GG,AA,AA,GG,AA,AG,CC,GG,AA,GG,GG,AG,AG,AA,GG,GG,AA,GG,GG,CC,AA,GG,GG,AA,GG,GG,AC,AG,AG,GG,AA,AG,AT,CG,GG,CG,AC,GG,AG,AG,GG,GG,AA,GG,GG,GG,AG,AG,AG,AA,GG,GG,CC,AG,AA,AA,GG,AG,AA,AA,AG,AT,AG,TT,AG,GG,AG,CC,GG,AA,GG,AA,GG,AA,GG,GG,AA,GG,CC,GG,GG,CG,GG,GG,GG,GG,GG,GG,CC,AC,AA,GG,GG,AA,AA,AG,AA,AG,GG,GG,GG,SD
262,AA,AG,AG,AA,AA,AA,AA,AA,GG,GG,GG,CC,GG,AA,AG,AA,GG,AC,AG,AA,AA,CG,GG,AG,CC,AA,AG,AG,CC,AA,GG,AA,GG,CG,GG,AG,AC,GG,AA,AA,GG,CC,AC,CC,AC,AG,GG,CC,AG,AA,GG,AG,AA,CC,GG,AG,AG,AT,AA,AG,AG,AC,GG,AG,CC,GG,AG,AG,AG,AA,AA,GG,GG,AG,GG,AA,GG,AA,GG,CC,AA,GG,GG,AA,CC,AG,AG,TT,GG,AG,GG,CG,AA,AG,GG,CC,AA,AG,AG,AA,AG,AA,AG,AG,GG,CC,CC,AG,AG,AA,AG,AA,CG,AG,AG,GG,AA,AA,AG,AG,AA,CC,AG,CC,AG,AG,AG,GG,AT,GG,AA,GG,AA,AG,AG,AA,GG,AG,CC,AA,GG,CC,CC,AA,TT,AA,AA,AG,CC,AG,AG,GG,GG,AG,AC,GG,AA,GG,AA,GG,GG,CG,AG,AG,GG,CG,AG,AA,AC,AG,AA,AG,AA,AA,AC,CG,AG,GG,GG,AA,AA,AT,AA,GG,CG,AA,AG,AG,AA,GG,AA,AA,AT,GG,TT,AA,AG,GG,GG,AG,GG,AA,AA,AG,AG,GG,AG,CC,AG,AG,GG,AA,AG,GG,AG,AA,AA,CC,GG,AG,AG,GG,AA,GG,AG,GG,GG,AC,AG,GG,AC,AG,GG,AA,AG,GG,GG,AA,AA,AA,CG,AA,AG,AT,CG,GG,CG,AA,CG,AA,GG,GG,AG,AA,GG,GG,GG,AG,AG,AG,AC,GG,GG,CC,AG,AA,AA,GG,GG,AA,AA,AG,TT,AA,AT,AG,AG,AA,CG,--,AA,GG,GG,GG,AT,AA,AG,AG,GG,CC,GG,GG,GG,AG,GG,GG,GG,GG,AG,AC,CC,AG,AA,AG,AA,AC,AA,AG,GG,AG,GG,GG,DF
264,AC,AG,AA,AC,GG,AA,GG,AA,GG,AG,AA,CC,AG,AA,GG,AG,AG,AC,AA,AA,AG,GG,GG,GG,CG,AG,AG,AA,CG,AG,GG,AA,GG,CC,GG,GG,AC,GG,AA,AA,--,CC,AA,CC,AA,GG,GG,CC,AA,AC,AA,GG,AA,CC,GG,GG,AG,TT,AA,AA,AG,AA,CG,GG,CC,AG,AG,GG,GG,AA,AA,GG,GG,AG,AG,AA,AG,AA,GG,CC,AA,GG,AG,AA,CC,AA,AA,AT,GG,AG,GG,CG,AC,GG,GG,AC,AA,GG,GG,--,GG,AA,AA,GG,AG,CC,CC,GG,AG,AA,AG,AG,GG,AG,AA,GG,AA,AA,AG,AG,AA,AA,AA,CC,AG,GG,GG,CG,TT,AG,AG,AG,GG,GG,AG,AG,GG,AA,CC,AA,AG,AC,GG,GG,TT,AA,--,AG,CC,GG,GG,GG,CG,AA,AC,GG,AC,AG,AG,AG,AA,CC,AG,AA,AG,CG,GG,AG,AC,AA,AA,AG,AG,AG,CC,CC,AA,CG,GG,AA,AG,TT,AA,AG,CG,AA,GG,GG,AA,GG,GG,AA,TT,AG,AT,AA,AG,GG,GG,AG,GG,AA,AA,AG,GG,GG,GG,CG,AG,AG,GG,AG,AA,AA,GG,AG,AG,AC,AG,AG,GG,GG,AG,GG,AG,GG,GG,AA,GG,GG,CC,AG,--,GG,AG,GG,GG,AC,AG,AG,CG,CC,GG,AA,CC,GG,GG,AC,CG,AA,GG,GG,GG,AA,GG,AG,GG,AA,AA,AG,AC,GG,GG,CC,AA,AA,AT,GG,GG,AA,AA,AA,TT,GG,TT,AA,GG,GG,CG,AG,AT,AG,AA,GG,AA,AA,GG,AA,AG,CG,GG,GG,CG,GG,GG,GG,AG,GG,AA,AC,CC,AG,GG,AG,AG,AA,AA,AG,GG,AG,GG,GG,DF
265,AC,AG,GG,AC,GG,AG,AG,AA,GG,AG,AA,CG,GG,AA,GG,AA,AA,AC,AG,AG,AG,GG,AG,GG,CC,AG,AA,AA,CC,AG,AG,AG,GG,CG,GG,GG,CC,GG,AA,AA,GG,CC,AC,GG,AA,GG,GG,CC,GG,AA,GG,AA,AA,AC,AG,GG,AG,TT,AA,AG,AA,AA,CG,AG,CC,GG,AG,GG,GG,AG,AA,CG,GG,AA,GG,AA,AA,AC,AG,CC,AA,AG,GG,AA,CC,AA,AG,TT,AG,AG,GG,GG,AA,AA,GG,CC,AA,AG,AA,AG,AG,AA,AA,AG,AA,CC,CC,AG,GG,GG,GG,AG,GG,AA,AG,GG,AA,AA,GG,AA,AA,CC,AA,CC,AG,AG,GG,CG,TT,AG,AA,GG,GG,AG,GG,AG,AG,AG,CC,AG,AG,CC,CG,AG,AT,AA,GG,AA,CG,AG,GG,GG,CG,AG,AA,GG,AA,AG,GG,GG,AA,CC,AG,GG,AG,GG,GG,AA,AA,AG,AA,GG,AA,AA,CC,CC,AG,CG,GG,AA,AG,TT,AA,AG,CG,AC,AA,AA,AA,AG,AG,AA,AT,GG,AT,AG,GG,AA,AA,AA,AA,AA,AA,AA,AG,GG,AG,CC,GG,GG,GG,GG,AA,AG,AG,AA,AA,CC,AG,AA,GG,GG,AG,AG,AA,GG,GG,AA,GG,GG,CC,AG,AG,AG,AA,GG,GG,CC,AA,AG,CC,AA,GG,AA,CG,GG,GG,AA,CC,AA,GG,GG,AG,AA,GG,GG,AA,AA,AA,AG,AA,AG,GG,CC,AG,AA,AA,GG,AG,AA,AA,AA,TT,AG,TT,AG,GG,AG,CC,AA,AA,GG,AG,GG,AT,GG,GG,AA,GG,CG,GG,GG,GG,GG,GG,GG,AA,GG,AG,AC,AA,AA,AA,GG,GG,AA,AA,GG,GG,GG,GG,GG,SD
267,CC,GG,GG,AA,AG,AG,AA,AA,GG,AG,AG,CG,AG,AG,GG,AG,AG,AC,AG,GG,GG,GG,GG,AG,GG,GG,AA,AG,CC,AA,AG,AA,GG,GG,AG,AG,CC,GG,AA,AA,GG,CG,AA,CC,AA,AG,AG,AC,GG,AC,GG,AG,AA,CC,AG,GG,AA,TT,AG,AA,AG,AC,CG,GG,AC,GG,AA,GG,GG,GG,AA,GG,GG,AG,GG,AA,GG,AA,GG,CC,AA,AG,GG,AA,CC,AG,AA,TT,AA,GG,GG,GG,AA,GG,GG,AC,AG,AA,AA,GG,AA,AG,AG,AA,AA,AC,CC,GG,GG,AG,GG,AA,GG,GG,AG,GG,AA,AA,AG,AA,GG,AC,AG,CC,AA,GG,AG,CG,TT,GG,AA,GG,GG,GG,GG,AG,GG,GG,CC,AG,AA,AC,GG,GG,AT,AA,AG,AG,CG,AA,AA,GG,CC,GG,AC,AG,AA,GG,AA,GG,GG,CC,AG,AG,GG,CC,AG,AG,AC,AA,AA,AG,AA,AA,AC,CG,GG,CG,CG,AA,AG,TT,AA,GG,CG,AC,AA,AA,AA,GG,AA,AA,AT,GG,TT,AG,AG,AG,AG,AA,AA,AA,AA,AA,GG,AA,AG,CC,GG,GG,--,AG,AA,AA,AG,AA,AG,CC,GG,AG,GG,GG,AA,GG,AA,GG,GG,AC,GG,AG,CC,AG,GG,AG,AA,GG,GG,CC,AA,GG,CG,AA,GG,AA,CG,GG,GG,AA,CG,AA,GG,GG,AG,AA,GG,GG,GG,AA,AA,GG,AA,AG,GG,--,AA,AA,AA,GG,GG,AA,AG,GG,AA,GG,AA,GG,--,GG,CG,AG,AT,GG,AG,AG,TT,GG,GG,AG,AA,CC,GG,AA,GG,GG,GG,GG,GG,--,AG,CC,AA,AG,AA,GG,AA,AC,AA,AG,GG,AG,GG,GG,SD
276,CC,AG,GG,AC,AG,AG,AA,AA,GG,AG,AG,CC,AG,AA,AG,AA,AG,AA,AG,GG,AG,GG,AG,GG,CC,AG,AA,AA,GG,AA,AG,AA,GG,CG,GG,GG,AC,GG,AA,AA,GG,CG,AA,CC,AC,AG,AG,CC,AG,AA,AG,GG,AA,AC,GG,AG,GG,TT,AG,AA,AG,AC,CG,GG,CC,AG,AG,GG,GG,AA,AA,GG,GG,AA,GG,AA,GG,AA,GG,CC,AA,GG,GG,AA,CC,AA,AG,TT,GG,GG,GG,CC,AA,AG,GG,AC,AG,GG,AA,AA,AA,AA,AA,AA,GG,CC,CC,GG,AA,AG,AG,AA,CC,AA,GG,GG,AA,AA,GG,GG,AA,AA,AA,CC,AA,AA,AG,CG,TT,AG,GG,GG,GG,GG,AG,AG,AG,AG,CC,GG,GG,CC,CG,AG,AT,AC,AG,GG,CG,AG,GG,GG,GG,AA,AA,GG,AA,GG,AA,AG,AA,CC,AG,AA,GG,GG,AG,AG,CC,AA,AA,GG,AA,AA,CC,CC,AG,GG,GG,AA,AG,TT,AA,GG,CC,AA,AA,AA,AA,GG,AG,AA,AT,GG,TT,AG,GG,AG,AG,GG,GG,AG,AA,AA,AG,AG,GG,CC,AG,GG,GG,GG,AA,GG,AG,AG,AA,AC,GG,AA,GG,CG,AA,AA,AG,GG,GG,AC,GG,AG,CC,AG,GG,AA,AA,GG,GG,AA,GG,GG,CC,CC,GG,AA,GG,GG,CG,AA,CC,AA,GG,GG,GG,AA,GG,GG,GG,AG,AG,AA,AA,GG,GG,CC,AG,AA,AT,GG,GG,AA,AG,AG,AT,AG,AT,AG,AG,AG,GG,AG,AA,GG,AG,GG,TT,AG,AG,AA,GG,CC,GG,GG,GG,GG,GG,GG,AA,CC,GG,AC,CC,AA,AG,AG,AA,AA,AA,GG,GG,AG,GG,AG,SD
277,CC,AG,AG,AA,AG,AA,AA,AA,GG,AG,AA,CC,GG,AA,GG,AA,AG,AC,AA,AA,AA,GG,GG,GG,CG,GG,AG,AA,CG,AA,AG,GG,GG,CG,GG,GG,CC,GG,AA,AG,GG,CC,AA,CG,AA,AG,GG,CC,GG,AA,AG,AG,AA,AC,AG,GG,GG,TT,GG,AA,AA,CC,GG,AG,AC,AG,GG,GG,GG,AA,AA,GG,GG,AG,GG,AA,GG,AC,GG,CC,AA,AG,GG,AA,CC,AA,AA,TT,AA,GG,AA,CC,AA,AG,GG,CC,AG,AG,AG,AG,GG,AA,AA,GG,AG,CC,CC,GG,AA,AG,AA,AA,CG,GG,AG,GG,AA,AA,AG,AG,GG,AC,AA,CC,AA,AG,AA,CG,TT,GG,AG,GG,GG,GG,GG,AA,GG,AG,CC,AG,GG,CC,GG,GG,AT,CC,AG,GG,CG,AG,GG,GG,GG,AG,AC,AG,AA,GG,AG,GG,AA,CC,AG,GG,GG,CC,AG,AG,CC,AG,AG,GG,AA,AA,CC,CC,AA,GG,GG,AG,AA,TT,AA,GG,CG,AA,AG,AA,AA,GG,AA,AA,AA,GG,TT,AA,GG,AG,AA,GG,GG,GG,AA,AA,GG,GG,AG,CC,GG,AG,--,AA,AA,AA,GG,AG,AA,AC,GG,AA,GG,GG,AA,GG,AA,AG,GG,AA,GG,AG,CC,AA,AG,AG,AA,GG,GG,AC,AG,AG,CG,AA,AG,AT,CG,GG,GG,AC,GG,AA,AG,GG,AG,AA,AG,GG,GG,AA,AA,AG,AC,GG,GG,CC,AG,AA,AA,GG,GG,AA,GG,AG,TT,GG,AA,AG,--,GG,CG,AG,AA,GG,AG,GG,AT,GG,GG,AG,AG,CC,GG,GG,GG,GG,GG,GG,GG,GG,AG,CC,AA,AG,GG,GG,AA,AA,AA,AA,GG,AG,GG,GG,SD
278,AC,AG,AG,AC,AA,AA,AG,AA,GG,GG,AG,CC,AG,AA,GG,AA,AG,AA,AG,AG,AA,GG,GG,GG,CC,AG,AG,AA,CG,AG,GG,GG,GG,CC,AG,GG,CC,GG,AA,AA,GG,CC,AA,CC,AA,AG,GG,CC,GG,AA,GG,GG,AC,CC,AA,GG,GG,TT,AA,GG,AG,AC,CG,AG,AC,AG,AG,GG,AG,AA,AG,GG,GG,AG,GG,AA,AA,CC,--,CC,AA,GG,GG,AA,CC,GG,AA,TT,GG,AG,GG,CG,AA,GG,GG,CC,GG,GG,AG,AG,AA,AA,AA,AG,AA,CC,CC,AG,AG,GG,AG,AG,CG,AG,AG,GG,AA,AA,AG,AG,AG,AA,AA,CC,AA,--,AG,CG,TT,GG,AA,GG,GG,GG,GG,AG,GG,AA,CC,AG,AG,CC,CG,AG,AT,AC,GG,AG,CC,GG,AG,GG,CG,GG,CC,GG,AA,GG,AA,GG,AG,CC,AG,AG,GG,CG,GG,AA,CC,AA,GG,GG,AA,AA,AC,CC,AG,CG,CG,AG,AG,TT,AA,GG,CG,AA,AG,AG,AA,GG,AA,AA,AA,GG,AT,AA,AG,AG,AG,AG,AG,AG,AA,AA,GG,AG,GG,CC,GG,GG,GG,AA,AA,AA,AG,AG,GG,CC,AG,AA,GG,GG,AG,AG,AA,AG,AG,AC,GG,AG,CC,AG,GG,AA,AG,GG,AG,AC,AA,AG,GG,AC,GG,AA,CC,GG,GG,AA,CG,AG,GG,GG,AG,AA,GG,AG,GG,AA,AA,AG,AA,GG,AG,CC,AA,AA,AA,GG,GG,AA,AG,AG,AT,GG,AT,AG,GG,GG,CG,AA,AA,GG,GG,AA,AT,AG,GG,AA,GG,CC,GG,GG,CG,GG,AG,GG,AG,GG,GG,AC,AC,AG,GG,AG,AG,AA,AA,GG,GG,GG,GG,AG,SD
279,AA,AA,AG,AC,AG,AA,AG,AA,GG,GG,GG,CC,AA,AA,GG,AA,AG,AA,AG,AG,AG,CG,GG,GG,CC,AA,AG,AA,CC,AA,AG,GG,GG,CG,GG,GG,CC,AG,AA,AA,AG,CG,AA,GG,AC,AG,GG,CC,AA,AC,AG,GG,AA,AC,AA,AG,GG,TT,AG,AA,AA,--,CG,GG,CC,AG,GG,GG,GG,AA,AG,GG,GG,AG,GG,AA,AA,AC,GG,CC,AA,AG,GG,AA,CC,AA,AA,TT,AG,GG,--,CC,AA,AG,GG,CC,AG,AG,AA,AA,AG,AA,AG,GG,GG,CC,CC,AG,AA,GG,AG,AA,CG,GG,AG,GG,AA,AA,AG,AG,AA,--,AA,CC,AA,AG,GG,CG,AT,GG,AG,AG,GG,GG,AG,AG,GG,AG,CC,AA,AG,AC,CG,AG,TT,AC,GG,GG,CC,AG,GG,GG,CG,GG,AC,GG,AA,GG,AG,GG,AA,CC,AA,AG,GG,CG,GG,AG,AC,AA,AA,AA,AG,AG,CC,CC,AA,GG,GG,AA,AA,TT,AA,GG,CC,AA,AA,AA,AA,AG,AG,AA,AT,AG,TT,AA,GG,AG,AG,GG,GG,AG,AA,AA,GG,AG,GG,CC,GG,GG,GG,AA,AA,AG,AA,--,AG,CC,GG,AA,GG,GG,AA,GG,AA,AG,GG,AA,GG,GG,CC,AG,GG,AG,AG,GG,AG,AC,AA,AA,GG,AA,AG,AT,CC,GG,CG,AC,GG,AG,GG,GG,AG,AA,AG,AG,AG,AG,AG,AA,AC,GG,GG,CC,AA,AA,AA,GG,GG,AA,AA,AA,TT,AG,AT,AG,GG,AG,CG,AA,AA,GG,GG,AA,AA,AG,AG,AA,AG,CC,CG,GG,CG,GG,AA,GG,AG,GG,GG,AA,AC,AA,AA,AG,AA,AC,AA,GG,GG,GG,AG,GG,SD
281,AC,AG,AA,AA,AG,AA,AA,AT,GG,AG,GG,CG,AG,GG,GG,AA,GG,AA,AG,AG,GG,GG,GG,GG,GG,AA,AG,AA,CG,AG,GG,GG,GG,CG,AG,GG,CC,GG,AA,AA,GG,CG,AA,CC,AA,AG,GG,CC,GG,AA,AG,AG,AC,AC,GG,AG,GG,AA,AA,AG,AG,CC,CG,GG,CC,AG,GG,AA,GG,AA,AA,CG,GG,AG,GG,AA,AA,AA,AG,CC,AA,AA,GG,AG,CG,AG,AA,AT,AG,AG,AG,CG,AC,AG,GG,AC,GG,AG,AG,AG,AG,GG,AG,AA,AA,CC,CC,AG,AG,AG,GG,AG,GG,AA,AG,GG,AA,AA,AG,AA,AA,CC,AA,CC,AA,GG,AA,GG,AT,AG,AG,GG,GG,AA,GG,AG,AG,AG,CC,AA,GG,CC,CC,AA,TT,AC,AA,AG,CC,AG,GG,AA,GG,AG,AC,GG,AA,AG,AA,AG,AG,CC,AA,GG,GG,GG,GG,AA,AC,AA,AA,AG,AA,AA,CC,CC,AA,GG,GG,AA,AA,TT,AA,AG,CG,AA,AG,AA,AA,GG,GG,GG,TT,GG,AT,AA,GG,AA,AA,AG,AG,AG,AA,AG,AG,AG,GG,CC,GG,GG,GG,GG,AA,GG,AG,AA,GG,CC,GG,AA,GG,CG,AG,GG,AA,GG,GG,AC,GG,AG,CC,AG,GG,AA,AA,GG,AG,CC,AG,AG,CG,AC,GG,AA,CC,GG,CG,AA,CG,AA,GG,GG,GG,AA,GG,GG,GG,AG,AG,AG,AA,GG,GG,CC,AA,AA,AA,GG,GG,AA,AA,AA,TT,AA,AT,GG,GG,AA,CC,AA,AA,GG,AG,AG,AA,GG,GG,AA,GG,CC,GG,GG,CG,GG,AG,GG,AA,CG,GG,AC,AC,AA,AG,GG,AA,AA,AA,GG,GG,AG,GG,GG,SD
284,CC,AG,AG,AA,AG,AG,AA,AT,GG,AG,AG,GG,AG,GG,GG,AA,AA,AC,AG,AA,AG,GG,GG,GG,GG,AG,AA,AG,CC,AA,GG,AA,AG,GG,AG,GG,CC,GG,AA,AA,AG,CG,AA,CC,AA,GG,GG,CC,GG,AA,AG,AG,AA,AC,AG,AG,GG,AT,AA,AG,GG,AC,CG,GG,CC,AA,AA,AG,GG,AA,AA,CG,AA,AG,GG,AA,AA,AC,GG,CC,AA,AG,GG,AG,CC,AG,AA,TT,AA,GG,AA,CC,AA,GG,GG,AC,GG,AA,AA,AG,AG,GG,AA,AA,AG,CC,CC,AG,AG,AG,AG,AG,GG,AG,AG,GG,AA,AA,GG,GG,AG,AC,AG,CC,AA,GG,AA,GG,AA,GG,AA,GG,GG,GG,GG,AG,AG,GG,CC,AA,GG,CC,CG,AG,TT,AC,GG,AG,CC,AA,GG,AG,GG,GG,AC,AG,AA,GG,AA,AG,AG,CG,AA,AA,AG,GG,AA,AG,AA,AG,AA,AG,AA,AA,AC,CC,GG,CC,CG,AA,AA,TT,AA,GG,CC,AC,AA,AA,AA,GG,AA,AA,AT,GG,TT,AA,AG,AG,AG,AG,AG,AG,AG,AG,GG,AG,AG,CC,GG,GG,GG,GG,AA,AG,AG,AA,GG,AC,AG,AA,GG,GG,AA,GG,AA,AG,GG,AC,GG,AG,CC,AG,AG,AG,AA,GG,GG,AA,AG,AG,CG,AC,GG,AA,CC,GG,CC,AC,GG,AA,AG,GG,GG,AA,GG,GG,GG,AG,AG,AA,AA,AG,AG,CC,AA,--,AA,GG,GG,AG,AG,AG,TT,AG,AT,GG,GG,AG,CC,AG,AA,AG,AG,GG,AA,GG,GG,AA,GG,CC,GG,GG,CG,GG,AA,AG,AA,CC,AG,AC,AA,AA,AG,GG,AA,AA,AA,AG,GG,GG,GG,AG,SD
285,CC,AG,AG,AA,GG,AA,AG,AA,CG,AG,AA,CC,GG,AG,AG,AG,AG,AC,AA,AA,AG,CG,GG,GG,CG,AA,GG,AA,CC,AA,GG,AA,GG,CC,AG,GG,CC,GG,AA,AA,GG,CC,AC,CG,AA,GG,GG,CC,GG,AA,GG,AG,AA,AC,AG,GG,GG,AT,AA,GG,AA,AC,GG,AG,CC,GG,AG,AG,AG,AA,AG,GG,GG,AG,GG,AA,AA,AA,AG,CG,AA,AG,GG,AG,CC,AA,AA,AA,GG,AA,GG,GG,CC,AA,GG,CC,AA,AA,AA,AG,GG,AG,AG,AG,AG,AC,CC,AA,AG,AA,GG,AG,GG,AG,GG,GG,AG,AA,AG,AA,AA,CC,AA,CC,AG,GG,AG,GG,TT,GG,AA,GG,AG,GG,GG,AG,GG,AA,CC,AG,GG,CC,CG,AG,TT,AC,AG,GG,CC,GG,GG,AG,GG,AG,AC,AG,AA,GG,AG,AG,AA,CC,AG,AG,GG,CC,AG,AG,AC,AA,AA,AA,AG,AG,CC,CC,AA,CG,GG,AA,AG,AT,AA,AG,CC,AC,AA,AA,AA,GG,AG,AA,AT,GG,TT,AG,AG,AG,AG,AG,AG,AG,AA,AA,GG,AG,GG,CC,GG,AG,GG,AG,AA,AG,GG,AG,AG,CC,GG,AA,GG,CG,GG,GG,AA,AG,AG,AC,AG,AG,CC,AG,AG,AG,AA,GG,AG,AC,AG,GG,GG,AC,GG,AA,CG,GG,CG,AA,CC,AA,GG,AA,GG,AA,GG,GG,GG,AA,AA,AA,CC,GG,GG,CC,AA,AA,AA,AG,GG,AA,AA,AG,TT,AG,AT,AA,AG,AG,CG,AG,AA,GG,GG,AA,AT,AA,GG,AA,AG,CC,GG,GG,GG,AG,GG,GG,GG,GG,AG,AA,CC,AA,AG,AA,AG,AA,AA,AG,GG,AG,GG,AA,SD
294,CC,AG,AG,AC,GG,AA,AA,AA,GG,GG,AG,CC,GG,AA,GG,AG,AA,AC,AA,AA,GG,GG,GG,GG,CC,AG,AG,AA,CC,AA,AG,AG,GG,CC,GG,GG,CC,GG,AA,AA,AG,CC,AA,CC,AA,GG,GG,CC,GG,CC,AG,AG,AA,CC,AA,GG,GG,TT,AG,AA,AA,AC,CG,GG,CC,AG,GG,GG,AG,AG,AA,GG,GG,AA,AG,AG,GG,AC,GG,CC,AA,AG,GG,AG,CC,GG,AA,AT,AG,AG,GG,GG,AC,AA,GG,CC,AG,GG,AG,AA,GG,AA,GG,AG,AG,AC,CC,GG,AG,GG,GG,AA,CG,GG,GG,GG,AA,AA,AA,AA,AG,AC,AA,CC,AG,AG,AG,GG,TT,GG,AG,AA,AG,GG,AG,AG,GG,AA,CC,AA,GG,AA,GG,GG,TT,AA,GG,AG,CC,GG,GG,GG,GG,AA,AA,GG,AA,GG,AA,GG,AA,CC,AA,AG,GG,CC,GG,GG,AC,AA,AA,AA,AG,--,AC,CG,AG,GG,GG,AA,GG,TT,AA,GG,CC,AA,AG,AG,AA,GG,AG,AA,AT,GG,TT,AA,GG,AG,AG,AG,GG,AA,AA,AA,GG,GG,GG,CC,GG,--,GG,AG,AG,AG,AG,AA,AA,AC,GG,AA,GG,GG,AA,GG,AA,GG,GG,AC,AG,GG,CC,AG,AG,AG,AA,GG,GG,AA,--,GG,GG,AA,GG,AA,CC,GG,CG,AA,CG,AA,GG,GG,GG,AA,GG,AG,GG,AA,AA,AG,AA,GG,GG,CC,AA,AA,AA,GG,GG,AA,AG,AG,AT,AG,AA,GG,GG,AG,GG,AA,AA,AG,GG,AA,AA,AG,GG,AG,GG,CC,CG,GG,GG,GG,GG,GG,GG,GG,AA,AC,AC,AG,AG,GG,AA,AA,AG,GG,--,GG,GG,GG,SD
297,AC,AA,AG,AA,GG,AG,AA,AA,GG,AG,AG,CC,GG,AA,GG,AG,AA,AA,AG,GG,AG,CG,GG,GG,CG,GG,GG,AG,CG,GG,GG,AG,AG,CG,AG,GG,CC,AG,AA,AA,AG,CG,AA,GG,AA,GG,GG,CC,AG,AC,GG,AA,AA,CC,AA,GG,GG,TT,AG,AA,AG,AC,CG,AG,CC,GG,GG,GG,AG,AA,AA,CG,GG,AA,AG,AA,AA,AA,AG,CC,AA,AA,GG,AA,CC,AA,AA,TT,GG,AA,GG,GG,AA,GG,GG,CC,AG,GG,AG,AG,AA,AA,AA,GG,AG,AC,AC,AA,AG,AA,AA,AA,CG,AG,GG,GG,AA,AA,AG,AG,AA,CC,AG,CC,AA,AG,AG,CG,TT,GG,AA,AG,AG,GG,AG,GG,GG,AG,CC,AA,AG,AC,GG,GG,AT,AA,GG,AG,CC,AG,AA,GG,CG,GG,AA,GG,AC,GG,AG,GG,AG,CC,AG,AG,GG,GG,GG,AG,AC,AA,AA,AG,AA,AA,CC,CC,AG,CG,GG,AG,AA,TT,AA,GG,CC,AA,AG,AG,AA,GG,AG,AG,TT,GG,AA,AA,AG,GG,GG,AG,GG,AA,AG,AA,GG,GG,AA,CC,GG,GG,GG,AA,AA,GG,GG,AA,AG,CC,GG,AG,GG,GG,GG,GG,AA,GG,AG,AC,GG,GG,CC,GG,GG,GG,AA,GG,GG,AC,GG,AA,CG,AA,AG,AT,CC,GG,GG,CC,GG,AA,AA,GG,GG,AA,GG,GG,GG,AG,AG,AA,AA,GG,AG,CC,AG,AA,AA,AG,GG,AA,AA,AG,AT,AG,TT,GG,GG,AG,CC,AA,AA,AG,AG,GG,AA,GG,GG,AA,GG,CC,GG,GG,GG,GG,GG,GG,GG,GG,GG,CC,AC,AG,AG,GG,AA,AA,AG,GG,GG,GG,GG,AG,SD
298,CC,AG,AG,AC,AG,AA,AA,AA,GG,AG,AG,CG,AG,AG,AG,AA,AG,AC,GG,GG,AG,CC,GG,GG,CG,AG,GG,AG,GG,AA,GG,AG,GG,CC,GG,GG,CC,GG,AG,AA,GG,CC,AA,GG,AA,AG,GG,CC,GG,AC,GG,GG,AA,CC,AA,AG,GG,AT,AA,AG,AG,AC,CG,GG,CC,AA,AG,AG,GG,AA,AA,GG,GG,AG,GG,AA,AA,AA,GG,CC,AA,AG,GG,AA,CC,AA,AA,AA,GG,AA,GG,GG,AA,GG,GG,CC,AG,GG,AG,AG,AA,AG,AA,GG,AG,AC,CC,GG,AG,GG,AG,AA,GG,AG,AG,GG,AA,AG,AG,AG,AA,AC,AG,CC,AG,GG,AG,GG,TT,GG,AG,AG,GG,GG,GG,AA,AG,AA,CC,AA,GG,AC,GG,GG,AT,CC,GG,AG,CG,GG,AA,AG,GG,AG,AC,GG,AA,GG,GG,GG,AA,CC,AG,AG,GG,GG,GG,AG,AC,AA,AA,GG,AA,AA,AC,CC,AG,CC,GG,AA,AG,TT,AG,GG,CC,AA,AG,AA,AA,GG,AA,AA,AT,GG,TT,AG,GG,AG,AA,GG,GG,AG,AA,AA,AG,AG,GG,CC,GG,AG,GG,AG,AA,GG,AG,AA,AG,AC,GG,AA,GG,GG,GG,AA,AA,AG,AG,AA,AG,AG,AC,AG,GG,AG,AA,GG,GG,AA,GG,AG,CC,AC,GG,AA,CG,GG,GG,AA,GG,AA,GG,GG,AG,AA,GG,AG,AG,GG,GG,AG,AA,GG,AG,CC,AG,AA,AA,AG,GG,AA,AA,AA,TT,AA,TT,GG,GG,AA,CG,AA,AT,GG,AG,GG,AA,AG,GG,AA,GG,CG,CG,GG,CG,GG,GG,GG,AA,GG,AG,CC,CC,AA,AG,GG,AG,AA,AA,AG,GG,AG,GG,AG,SD
299,AC,AG,GG,AA,AA,AA,AG,AA,CG,GG,AA,CC,AG,AG,GG,AA,AG,AA,AG,GG,--,CG,GG,--,CC,AG,AG,AG,CC,GG,AG,AG,GG,CG,AG,GG,AC,GG,AA,AA,GG,CC,AA,CG,AA,AA,AG,AC,GG,AC,AG,AG,AA,CC,AA,GG,GG,AT,AA,GG,AA,CC,CG,GG,CC,GG,AG,AA,GG,AA,AA,GG,GG,GG,GG,AA,GG,AA,GG,CC,AC,AG,GG,AA,CG,AG,AG,TT,GG,AA,GG,GG,AA,AG,GG,CC,AG,GG,AG,AA,AA,AG,AG,AG,AG,CC,CC,GG,AA,AG,GG,GG,CG,AG,GG,GG,AG,AG,AG,AG,AA,AC,AG,CC,AA,AG,AA,GG,TT,GG,AG,AG,GG,AA,GG,AA,AG,AG,CC,AA,--,AC,GG,GG,TT,CC,GG,GG,CC,AG,GG,AG,GG,GG,AA,GG,AC,GG,AG,GG,AA,CC,AA,GG,GG,GG,AA,AG,AC,AA,GG,GG,AA,AA,CC,CC,AA,GG,GG,AA,AA,TT,AA,GG,CC,AA,AG,AA,AA,GG,AG,AG,TT,AA,TT,AA,GG,AA,AA,GG,GG,GG,AA,AG,AG,AG,AG,CC,GG,GG,GG,AG,AA,AG,AG,AA,AG,CC,GG,AG,AG,GG,AA,AA,AG,GG,GG,AC,GG,AG,CC,AA,GG,AA,AG,GG,AG,AC,AG,AG,GG,AC,GG,AA,GG,GG,CG,AA,CG,AG,GG,GG,GG,AA,GG,GG,GG,AG,AG,AA,AC,GG,GG,--,AA,AA,AA,GG,GG,AA,AG,AG,TT,AG,AT,GG,GG,AG,CG,GG,AA,GG,GG,AA,AT,AG,GG,AA,AG,CC,CG,GG,GG,GG,GG,GG,AA,GG,GG,CC,CC,AG,AA,GG,AA,AA,AA,AG,GG,AG,GG,AG,SD
301,AC,GG,AG,AC,GG,AA,AA,AT,CG,AG,GG,GG,AG,GG,AG,AG,AG,AA,AG,AA,AA,GG,GG,GG,CC,AA,AA,AG,CG,AA,GG,AA,GG,CC,GG,GG,CC,GG,--,AA,GG,CG,AA,CG,AA,GG,GG,CC,GG,AA,GG,GG,AA,CC,AA,GG,AG,TT,AG,AA,GG,AC,CC,GG,CC,AG,AG,GG,GG,AA,AA,GG,GG,AG,GG,AA,AG,AA,GG,CC,AC,GG,GG,AA,CC,AA,AA,AT,AG,AG,AG,CG,AC,AA,AG,AA,GG,AG,AA,GG,AG,GG,AA,AG,AA,CC,CC,AG,AG,AG,AA,AG,GG,AG,AG,GG,AG,AG,GG,AG,AG,AC,AG,CC,AA,GG,AG,GG,TT,GG,GG,GG,GG,AG,GG,GG,AA,AA,CC,AG,AG,CC,CC,AA,TT,AC,GG,AG,CC,GG,GG,AG,CG,GG,AA,GG,AA,AG,AG,GG,AG,CG,AA,GG,--,CG,AA,AG,AC,AG,AA,AG,AG,AG,AC,CG,AG,GG,GG,AA,AG,TT,AA,AG,CG,AA,AA,AA,AA,GG,AA,AA,AT,GG,TT,AA,AG,AG,AG,AG,GG,AG,AA,AG,AG,GG,--,CC,GG,GG,GG,AG,AA,AG,AA,AA,GG,AC,GG,AA,GG,GG,AA,GG,AA,--,GG,AC,AG,GG,AC,GG,GG,AG,AA,GG,GG,CC,AG,GG,CG,AC,GG,AA,CG,GG,GG,AC,CG,AA,GG,GG,GG,AA,GG,AG,GG,AA,--,GG,CC,GG,GG,CC,AA,AA,AA,GG,AG,AA,GG,GG,AA,GG,AA,AG,AG,GG,GG,GG,AA,GG,AG,GG,AT,AA,GG,AG,GG,CG,--,GG,GG,GG,AG,GG,AG,CG,GG,AA,CC,--,GG,AA,GG,AA,AA,AA,GG,AG,GG,GG,DF
305,CC,AG,GG,AC,AG,AA,AA,AA,GG,AG,AG,CC,GG,AG,AG,AG,AG,AC,AG,GG,GG,CG,GG,AG,CG,AA,GG,AA,CG,GG,AG,AA,GG,CC,GG,GG,CC,GG,AG,AA,GG,CG,AC,CG,AA,AG,AG,CC,GG,AC,GG,AG,AA,CC,AA,GG,GG,AT,AA,AG,AG,AC,CG,GG,AC,--,AG,AG,AG,AA,AA,GG,GG,AA,GG,GG,AA,AC,GG,CC,AA,AA,GG,AA,CC,AA,AG,TT,GG,GG,GG,GG,AA,GG,GG,CC,AG,GG,AG,GG,AA,AG,AG,AG,AA,AC,AC,GG,GG,GG,GG,AG,GG,GG,GG,GG,AA,AA,AG,AA,AG,CC,AA,CC,AA,GG,AG,CG,TT,GG,AA,GG,AG,GG,GG,AA,GG,AA,AC,AG,AG,AC,CG,AG,AT,AC,GG,AG,CC,GG,AA,AG,CG,GG,AC,GG,CC,GG,AG,AG,AA,CC,AG,AG,GG,GG,AA,GG,CC,AG,AA,GG,AA,AA,AC,CG,AG,GG,GG,AG,AA,TT,AA,GG,GG,AA,AG,AG,AA,GG,AA,AA,AA,GG,AA,AG,AG,GG,AG,AG,AG,AA,AG,AA,GG,AG,GG,CC,GG,GG,AA,AG,AA,AG,GG,AG,AG,CC,AG,GG,GG,GG,AA,AA,AA,AG,GG,AC,GG,AG,CC,AA,AG,GG,AA,AG,GG,CC,AA,AG,CC,AA,GG,AA,GG,GG,CG,AA,CC,AA,GG,GG,GG,AA,GG,AG,GG,AG,AG,GG,AA,GG,GG,CC,AG,AA,AA,GG,GG,AA,AG,AG,AT,AG,AT,GG,GG,AG,CG,GG,AT,GG,AA,GG,TT,AG,GG,GG,AG,CG,CG,GG,GG,GG,AA,GG,AA,GG,GG,AA,CC,AG,AG,AG,AG,AA,AG,GG,AG,AG,GG,AA,SD
306,CC,AA,GG,AA,AG,AG,AA,AA,GG,AA,GG,CG,GG,AG,GG,AA,AG,AA,GG,AG,GG,CG,GG,GG,CC,AG,GG,AA,GG,AA,AG,AG,GG,CC,AG,GG,AC,GG,AA,AA,GG,CG,AC,CG,AC,AG,GG,CC,GG,AA,GG,AA,AA,CC,AG,GG,GG,TT,AA,AG,AA,AC,CC,GG,AC,GG,AA,GG,GG,AG,AA,GG,GG,AG,GG,AA,AA,AC,GG,CC,AA,GG,GG,AA,CG,AG,AA,TT,GG,GG,GG,CG,AA,AG,AG,CC,GG,AG,AA,AG,AA,AG,AG,AA,AG,AC,CC,GG,AA,AA,GG,AG,GG,AA,GG,GG,AA,AA,AG,AG,AG,AA,AA,CC,AA,GG,AG,CC,AT,AG,AA,GG,GG,GG,AG,AG,GG,AA,CC,GG,AG,CC,GG,GG,AA,AC,AG,GG,CG,GG,GG,GG,CG,GG,AA,GG,AA,GG,AG,GG,AG,CG,AA,GG,GG,CG,GG,AG,AA,AA,AG,GG,AA,AA,CC,CC,AG,CG,GG,AG,AG,TT,AA,GG,CC,AA,AA,AA,AA,GG,AA,AA,AA,GG,TT,AA,GG,AG,AG,GG,GG,AG,AA,AA,GG,AA,AG,CC,GG,GG,GG,AA,AA,AG,GG,AA,AG,CC,GG,AA,GG,CC,AG,GG,AG,GG,GG,CC,GG,AA,CC,AG,GG,AA,AA,GG,GG,AA,GG,AG,CG,AA,GG,AA,CG,GG,CG,AA,CC,AA,GG,AA,AG,AA,GG,GG,AA,AG,AG,AA,AA,AG,GG,CC,AA,AA,AA,GG,GG,AA,AG,AG,AT,AG,AT,GG,GG,AG,CC,AA,AA,GG,GG,AG,TT,GG,AG,AG,GG,CC,GG,GG,GG,GG,AG,GG,AG,GG,GG,CC,AC,GG,AG,GG,AA,AA,AA,GG,GG,GG,GG,AG,SD
307,AC,AG,GG,AA,AG,AG,AA,AA,GG,GG,AA,CC,AG,AA,GG,AA,AA,AA,AG,GG,AA,CG,GG,GG,CG,AG,GG,AG,CG,AA,GG,AG,GG,CG,AG,GG,CC,GG,AG,AA,GG,CC,AA,CG,AA,AG,GG,CC,GG,AA,AG,GG,AA,CC,AA,GG,AG,AT,AA,GG,AA,AC,CG,GG,CC,AG,AG,AG,GG,AA,AG,GG,GG,GG,GG,AA,AG,AC,GG,CC,AA,GG,GG,AG,CC,AA,AA,TT,GG,AG,GG,CG,AA,AA,GG,CC,AG,GG,AG,AG,AA,AG,GG,AA,AG,CC,AC,AA,AG,AA,AA,GG,GG,GG,GG,GG,AA,AA,AA,AA,AA,AC,AG,CC,AG,GG,AG,GG,TT,GG,GG,GG,GG,GG,GG,AG,GG,AG,CC,AA,GG,CC,CG,AG,AT,CC,GG,AG,CG,AG,AG,AG,GG,AG,AA,GG,AC,GG,AG,AG,AG,CG,AA,AG,GG,CG,AG,GG,AA,AG,AA,AA,AA,AA,CC,CC,AG,CG,GG,AA,AA,AT,AA,GG,CC,AA,AG,AA,AA,GG,AA,AA,AT,GG,TT,AA,GG,AG,AA,GG,GG,AG,AG,AA,GG,GG,AG,CC,GG,AA,GG,GG,AG,GG,GG,AA,AA,CC,AG,AG,GG,GG,AA,GG,AA,GG,GG,AC,GG,AA,CC,AG,GG,AG,AA,GG,AG,AC,AG,AA,GG,AC,GG,AA,CC,GG,CC,AA,CG,AA,GG,AG,GG,AA,GG,GG,GG,AG,AG,AA,AC,AG,GG,--,AA,AG,AA,AG,GG,AA,AA,AG,TT,AA,AT,AG,AG,AA,GG,AG,AT,GG,AG,GG,AA,AG,GG,AA,GG,CC,CG,GG,GG,GG,AG,GG,AG,GG,GG,CC,AC,AA,GG,GG,AA,AA,AG,AG,GG,AG,GG,GG,SD
308,CC,AA,AG,AC,AA,AG,AG,AA,GG,AG,AA,CC,GG,AG,GG,AG,--,AA,AG,AA,GG,CG,AG,GG,CC,AA,GG,AG,CC,AA,AG,AG,GG,CG,AG,GG,CC,GG,AA,AG,GG,CC,AA,CC,AA,AA,GG,CC,GG,AA,AG,AG,AA,CC,AA,GG,GG,AT,AA,AG,AA,AC,GG,AG,CC,GG,AA,AG,AA,AA,AA,GG,AA,AG,GG,AA,AA,AC,GG,CC,AA,AG,GG,AA,CC,GG,AG,AA,GG,AA,GG,GG,CC,AG,AG,CC,AG,AG,AA,AG,AG,AG,AA,AA,AG,AC,AC,AG,AG,AG,GG,AG,GG,GG,AG,GG,AA,AA,AG,AG,AG,AC,AA,CC,AG,AG,AG,GG,TT,GG,AG,GG,AG,AG,GG,AA,AA,AG,AC,AA,GG,CC,GG,GG,AA,AC,GG,AG,CG,AG,GG,AG,GG,GG,AA,GG,AA,GG,AA,GG,AG,CC,AA,AA,GG,CC,AG,AA,CC,AA,AG,GG,AA,AA,AC,CG,GG,CG,GG,AG,AA,TT,AA,GG,CG,AC,AA,AA,AA,GG,AA,AA,AT,GG,TT,AG,AG,AG,AG,AG,GG,AG,AG,AG,GG,GG,AG,CC,GG,GG,GG,GG,AA,AA,AA,AA,AG,CC,AG,AA,GG,CG,AA,GG,AA,AG,GG,AC,GG,AG,CC,AA,GG,AG,AA,GG,GG,AC,AA,AG,CG,AA,GG,AA,CG,GG,GG,AA,CC,AA,GG,AG,GG,AA,GG,GG,AG,AA,AA,AG,AA,AG,GG,CC,AA,AG,AA,GG,GG,AG,AG,AG,TT,GG,AT,AG,GG,GG,CG,AA,AA,GG,AG,GG,AA,AA,GG,AG,GG,CG,GG,GG,GG,GG,AA,GG,GG,--,GG,AA,CC,AA,AG,AA,AG,AC,AA,AG,GG,GG,GG,AG,DF
310,AC,AG,GG,AA,AG,AG,AA,AA,GG,GG,AG,CC,GG,AA,GG,AA,GG,AC,GG,AG,AA,CG,GG,GG,CC,GG,AG,AA,CG,AG,GG,AA,GG,CC,GG,GG,CC,GG,AA,AA,AG,CG,AA,CG,AA,AG,GG,CC,GG,AA,AG,GG,AA,AC,AA,GG,GG,TT,AA,GG,AA,AC,CG,GG,CC,GG,AG,AG,GG,AA,AA,GG,GG,AA,GG,AA,GG,AA,GG,GG,AA,AG,GG,AA,CC,AA,AA,TT,AA,GG,AA,CC,AA,GG,GG,CC,AG,AG,AA,AG,AA,AA,AG,AA,AA,CC,AC,GG,GG,AA,AA,AG,GG,GG,AA,GG,AA,AA,AG,AA,AA,CC,AA,CC,AG,GG,AG,CG,TT,GG,AG,GG,GG,GG,GG,AA,GG,AA,AC,AG,AG,CC,CG,AG,AT,AA,GG,AA,CC,GG,AG,GG,CG,AG,AA,GG,AA,AG,AG,GG,AA,CC,GG,GG,GG,CC,AA,GG,CC,AA,AA,GG,AA,AA,AC,CC,GG,CG,GG,AG,AA,TT,AA,GG,CG,AA,AA,AA,AA,GG,AA,AA,AA,AG,TT,AA,GG,AA,AA,AA,AA,AA,AA,AA,GG,AG,AG,CC,GG,AG,GG,AG,AG,GG,GG,AG,AG,CC,AG,AG,GG,GG,AA,AG,AA,GG,AG,AA,AG,GG,AC,AA,GG,AG,AA,GG,GG,CC,AA,AG,CC,AC,GG,AA,CG,GG,GG,AA,GG,GG,GG,GG,GG,AA,GG,GG,GG,GG,GG,AG,CC,GG,AG,CC,GG,AA,AA,AA,GG,AA,AA,AA,TT,AA,TT,GG,GG,AA,GG,AG,AT,GG,AG,AG,AT,GG,GG,AG,GG,CC,GG,GG,GG,AG,GG,GG,GG,GG,GG,CC,AA,GG,GG,GG,AA,AC,AA,AA,GG,AG,GG,GG,SD
311,CC,AG,AG,AA,GG,AA,AA,AA,GG,AG,GG,CC,GG,GG,AG,AA,GG,AA,AA,AA,AG,CC,GG,AG,GG,AA,GG,AA,CG,AA,GG,AA,GG,CC,GG,GG,CC,GG,AA,AA,GG,CC,AA,CC,AA,GG,GG,CC,AG,AA,GG,AG,AA,AC,AA,GG,GG,AA,AA,GG,AG,CC,GG,GG,CC,AG,--,AA,GG,AA,AA,GG,GG,GG,GG,AG,GG,AA,AA,CC,AA,AA,GG,AA,CG,GG,GG,TT,GG,AA,GG,GG,AA,GG,GG,CC,AA,AA,AA,GG,GG,GG,AG,AG,GG,CC,CC,GG,AG,AG,AG,GG,GG,AG,GG,GG,AA,AA,AG,AA,AG,CC,AA,CC,AA,GG,AA,GG,TT,GG,AA,GG,GG,GG,GG,AG,GG,AA,CC,AG,GG,CC,CC,AA,TT,AC,GG,AG,CC,GG,GG,AA,GG,AA,AC,AG,AA,GG,GG,GG,AA,CC,AG,AG,GG,CC,AA,GG,AA,AG,AA,AG,AA,AA,CC,CC,AG,GG,GG,AA,AG,TT,AA,GG,CG,AA,AA,AA,AA,GG,AG,AA,AT,GG,TT,AG,GG,AA,AA,AG,AG,AG,AA,AA,GG,GG,AG,CC,GG,GG,AG,AA,AA,AG,AA,AA,GG,CC,AG,AA,GG,CG,AA,GG,AA,GG,AG,AA,AG,AG,AC,GG,GG,GG,AA,GG,GG,CC,AG,AA,CG,AC,GG,AA,GG,GG,GG,AA,CC,AA,GG,AG,GG,AA,GG,GG,GG,AG,AG,AG,AA,GG,GG,CC,GG,AA,AA,AG,GG,AA,AG,AG,AT,AG,AT,GG,GG,AG,CC,GG,AA,GG,AA,GG,TT,AG,GG,AG,GG,CG,GG,GG,CG,GG,GG,GG,GG,--,GG,AC,AC,AA,AA,AG,AG,AC,AG,AG,GG,AG,GG,AG,DF
312,CC,GG,GG,AC,GG,AA,AA,AT,GG,AG,GG,CC,AG,AA,GG,AA,GG,AA,AA,AA,AG,CC,AG,AG,CC,AG,GG,AG,GG,GG,GG,AG,GG,CC,GG,GG,CC,GG,AA,AA,GG,GG,AC,GG,AA,GG,AG,AC,GG,AA,AG,GG,AA,CC,AG,AG,GG,TT,AA,AA,AA,AC,GG,GG,CC,AG,GG,GG,AG,AA,AA,GG,GG,AA,GG,AA,AA,AC,GG,CC,AC,AG,GG,AA,CC,AA,AA,AA,GG,AA,GG,GG,CC,AG,GG,CC,AG,AA,AA,AA,GG,AA,AA,GG,AA,CC,CC,AG,AA,AG,AG,AA,GG,AG,GG,GG,AA,AA,GG,AG,AG,AC,AG,CC,GG,GG,AG,GG,TT,GG,AA,GG,AG,AG,GG,GG,AG,AA,AA,AA,GG,CC,CG,AG,AT,CC,GG,GG,CG,GG,GG,GG,GG,AG,CC,GG,AC,GG,GG,GG,AG,CC,AA,AA,AG,CC,AG,AA,AC,AA,AG,GG,AA,AA,AC,CC,AG,CG,GG,AA,AA,AT,AA,GG,CC,AA,AA,AA,AA,GG,AA,AA,AT,GG,AA,AA,GG,AA,AA,GG,GG,GG,AA,AA,AG,AG,GG,CC,GG,AA,GG,AA,GG,AG,AG,AA,AA,CC,GG,AG,GG,GG,AA,GG,AA,GG,GG,AC,AG,GG,AC,GG,GG,AG,AA,GG,AG,CC,GG,AG,CG,AA,GG,AA,GG,GG,GG,AA,CC,AA,GG,AG,AG,AA,GG,GG,GG,AA,AA,AA,AC,GG,AG,CC,AA,AA,AT,GG,GG,AA,AG,AG,AA,AG,AA,GG,GG,AG,CG,AG,AA,GG,AG,GG,AT,AG,GG,GG,GG,CG,GG,AG,CG,AG,AA,GG,GG,GG,GG,AC,AC,AA,AG,AG,GG,AA,GG,AG,GG,AA,GG,AG,DF
314,CC,AG,AG,AA,GG,AA,AG,AA,GG,AA,AG,CC,AG,AA,AG,AG,AA,CC,AG,AA,AG,GG,GG,GG,CG,AA,AA,AG,CG,AG,GG,GG,GG,CC,AG,GG,CC,GG,AA,AA,--,CG,AA,--,AA,GG,GG,CC,AG,AC,GG,AG,AA,CC,AA,GG,GG,TT,AA,AA,AG,AC,GG,AG,CC,GG,AG,AG,AG,AA,AG,GG,GG,AA,GG,AA,AG,AA,GG,CC,AC,AG,GG,AA,CC,AA,AG,AT,GG,AA,GG,GG,AC,GG,GG,CC,AA,GG,GG,AG,AG,AA,AA,AA,AA,AC,AA,AG,GG,GG,AG,AA,GG,GG,AG,GG,AG,AA,GG,AA,AG,AC,AG,CC,AG,GG,AG,CG,AT,AG,AA,GG,AG,GG,GG,AA,GG,AA,CC,AG,AG,AC,GG,GG,AT,AA,GG,AG,CC,GG,AG,GG,CG,AA,AC,GG,AA,GG,AG,GG,AG,CC,AA,AG,GG,GG,AG,AG,CC,AG,AG,GG,AA,AA,CC,CC,AA,GG,CG,AG,AA,TT,AA,AG,CG,AA,AG,AA,AA,GG,AA,AA,AT,GG,AT,AA,--,GG,GG,AA,AA,AA,AG,AA,GG,GG,AG,CC,GG,AG,AG,GG,AG,AA,GG,AG,AA,CC,GG,AA,GG,GG,AG,AA,AA,GG,GG,AC,AA,GG,AC,AA,AG,AA,AA,GG,GG,CC,AG,AG,CG,AC,GG,AA,CG,GG,GG,AA,CG,AA,GG,GG,GG,AA,GG,GG,GG,AA,AA,AG,AA,GG,GG,CC,AA,AA,AA,GG,GG,AA,AG,AG,AA,GG,AA,AG,GG,GG,CG,GG,AA,GG,GG,AG,AT,AG,GG,AA,AG,CC,GG,GG,GG,AG,GG,GG,AG,GG,GG,AC,AC,AA,AA,AG,AA,AA,AA,GG,AG,GG,GG,AG,SD
315,CC,AG,GG,CC,AG,AA,AG,AA,GG,GG,AG,CC,GG,AA,AG,AA,GG,AA,AG,GG,AG,GG,GG,GG,CG,AA,GG,AA,CG,AA,AG,AA,AG,CG,AG,GG,CC,AG,AA,AA,GG,CC,AA,CC,AC,AG,GG,CC,AA,AC,AG,GG,AA,CC,AG,GG,GG,TT,AG,GG,AG,AC,GG,AG,AC,GG,AA,GG,GG,AA,AA,GG,GG,AG,GG,AG,AA,AA,GG,CG,AA,AG,GG,AA,CC,AA,AG,AA,GG,AA,GG,GG,CC,AA,GG,CC,AA,GG,AG,AG,AA,AA,AA,AA,AG,CC,CC,AG,AA,GG,AG,GG,CG,AG,GG,GG,AA,AA,GG,GG,AA,AC,AA,CC,AA,AG,AG,CG,--,GG,AG,GG,AG,AG,AA,AG,GG,AG,CC,AG,AG,AC,GG,GG,AT,AA,AG,GG,CC,AG,GG,GG,CG,GG,AC,GG,AA,GG,AG,AG,AG,CC,AA,AG,GG,CC,AA,AA,AC,AA,GG,GG,AA,AA,AC,CG,AG,GG,GG,AG,GG,TT,AA,GG,CC,AA,AG,AA,AA,AG,AG,AG,AT,GG,TT,AG,GG,GG,GG,GG,GG,AA,AA,AG,GG,AG,GG,CC,GG,GG,GG,GG,AA,AG,AG,AA,AA,CC,AG,AG,GG,GG,AA,AA,AA,AG,GG,CC,GG,GG,CC,AG,GG,AA,AG,GG,GG,AA,AG,AG,GG,CC,GG,AA,CC,GG,CG,AC,CG,AA,AG,GG,AG,AA,GG,AA,GG,AG,AG,AA,AA,GG,GG,--,AA,AA,AA,GG,GG,AG,AA,AA,TT,AG,TT,AG,GG,AG,GG,AG,AT,AG,GG,AG,AT,AA,AG,AA,GG,CC,GG,GG,GG,AG,AA,GG,GG,GG,GG,AA,CC,AG,AG,AG,AG,AA,AA,GG,GG,AG,GG,GG,DF
319,CC,GG,GG,CC,GG,AA,AA,AA,GG,GG,AG,CC,AG,AA,GG,AA,AA,AC,GG,AG,GG,GG,GG,GG,CG,AG,AG,AG,CG,AA,GG,AG,GG,CG,GG,GG,CC,GG,AA,AA,GG,CC,AA,CC,AA,AG,GG,CC,AG,AC,GG,GG,AA,CC,GG,GG,GG,TT,AG,AG,AG,CC,CC,GG,CC,AG,GG,AG,AG,AA,AA,CG,AG,AG,GG,AA,GG,AA,GG,CC,AC,GG,AG,AA,CC,AA,AA,TT,GG,GG,GG,CC,AA,GG,AG,CC,AA,GG,AA,AG,AA,AA,AA,AA,AG,AC,AC,AG,AA,AG,GG,AG,CG,GG,GG,GG,AA,AA,GG,AG,AG,--,AG,CC,AG,AG,AA,GG,TT,AA,AG,AG,AG,GG,GG,AA,AA,AG,AC,AA,GG,AC,CG,AG,TT,CC,GG,GG,CC,AG,AA,GG,GG,AG,AC,GG,AA,GG,AA,AA,AA,CC,AG,GG,AG,GG,AG,AG,AC,AA,AG,GG,AA,AA,AA,CC,GG,CC,CG,AA,AG,TT,AA,GG,CC,--,AA,AA,AA,GG,AG,AA,TT,--,TT,AA,GG,AG,AA,GG,GG,GG,AG,AA,AG,GG,GG,CC,AG,AG,AG,GG,AA,AG,GG,AA,AA,AC,AG,AA,GG,GG,AA,GG,AA,AG,GG,CC,GG,AA,CC,AA,AG,AG,AA,GG,AA,AC,AA,GG,CG,AC,AG,AT,CG,GG,CC,AC,GG,AG,AG,GG,AG,AA,GG,AG,GG,AG,AG,AA,AC,GG,AA,CC,AG,AA,AT,GG,GG,AA,AG,AG,AT,AG,AT,GG,GG,AG,GG,AA,AA,GG,AG,AG,AA,AG,GG,AA,GG,CC,GG,GG,GG,AG,GG,GG,AA,GG,GG,AC,AC,AA,AG,AG,AA,AA,AA,AG,GG,GG,GG,GG,DF
320,AC,GG,GG,AA,AA,AG,AA,AA,GG,GG,GG,CC,GG,AA,GG,AA,GG,AA,GG,AG,GG,CC,GG,GG,CC,GG,GG,AA,CC,AG,GG,GG,GG,CG,AG,GG,CC,GG,AA,AA,GG,CG,AA,CG,AA,AA,AA,AA,GG,AA,AG,AG,AA,CC,AA,GG,GG,TT,AA,AG,AG,AA,GG,AG,CC,GG,AG,GG,GG,AA,AA,GG,GG,AA,GG,AA,AA,AA,AG,CC,AA,AG,GG,AA,CC,AG,AG,TT,AG,GG,GG,CC,AA,AG,AG,CC,AG,AG,AA,AG,AA,AA,GG,AG,GG,AC,CC,GG,GG,GG,GG,AG,--,GG,GG,GG,AA,AA,AA,AA,AA,AC,AA,CC,AA,GG,GG,CC,TT,AG,AA,GG,GG,GG,GG,AA,AG,AG,CC,AA,AA,CC,CG,AG,AT,AA,AG,AA,CG,AG,GG,GG,CC,AG,AC,GG,CC,AG,AG,GG,AG,CC,AA,AG,GG,CG,AG,AG,AA,AA,AG,GG,AA,AA,AC,CG,GG,CG,GG,AA,AA,TT,AA,GG,CC,AC,AA,AA,AA,GG,AG,AA,AT,GG,AT,AA,GG,AA,AA,AA,AA,AA,AA,AA,GG,GG,AG,CC,GG,GG,GG,AG,AA,GG,AA,AG,AA,CC,AG,GG,GG,GG,GG,AG,AA,AG,GG,AC,AG,AG,AC,AA,GG,AG,AA,GG,GG,AC,AA,AG,CG,AA,GG,AA,CC,GG,GG,AC,GG,AG,AG,GG,--,AA,GG,GG,AG,AG,AG,AG,AA,AG,GG,CC,AA,AA,AA,GG,GG,AA,AG,AG,AT,AG,AT,AG,AG,AG,CG,AA,AA,GG,AG,GG,AA,GG,GG,AA,GG,CC,GG,GG,GG,AG,GG,GG,AG,GG,GG,CC,AA,AA,GG,GG,AA,AA,AA,GG,AA,AA,GG,AG,SD
321,CC,AG,AG,AA,GG,AA,AA,AA,GG,AA,AG,CG,GG,AG,GG,AG,GG,AC,AG,AA,GG,GG,GG,GG,CG,AA,GG,AA,CC,AG,AG,GG,GG,CG,GG,GG,CC,AG,AA,AG,GG,CC,AA,CG,AA,GG,GG,CC,GG,AC,AG,GG,AA,AC,AA,AG,AG,AT,AA,GG,AA,AC,CG,GG,CC,AG,AA,AG,GG,AG,AA,CG,GG,AA,GG,AG,AG,AC,AG,CC,AA,AG,GG,AA,CC,AG,GG,TT,AA,GG,AG,CG,AA,GG,AG,AC,GG,GG,AA,AG,AG,AG,AA,AG,AG,CC,CC,AG,GG,AA,GG,AG,GG,AG,GG,GG,AA,AG,GG,GG,AG,AC,AA,CC,AA,GG,AG,CG,AT,GG,GG,GG,GG,AG,GG,AG,AG,AG,CC,AA,AG,AC,GG,GG,AT,AA,GG,AA,CC,AG,AG,AG,CG,GG,AA,GG,AA,GG,AA,AG,AG,CC,AG,AA,GG,CG,GG,AG,AC,AA,AA,GG,AA,AA,AC,CC,AG,CG,GG,AG,AA,TT,AA,GG,CC,AA,AA,AA,AA,GG,AG,AA,AT,GG,AT,AA,GG,AA,AA,AA,AG,AA,AG,AA,AG,GG,GG,CC,GG,AG,GG,AG,AA,AG,GG,AA,AG,AC,GG,AA,GG,CG,AG,GG,AA,GG,GG,AC,AG,GG,AC,AG,AG,AG,AA,GG,GG,CC,AA,GG,CC,AA,GG,AA,CG,GG,CG,AC,CG,AA,AG,AG,GG,AA,GG,GG,GG,AA,AA,AA,AA,GG,AG,CC,AG,AA,AA,GG,GG,AA,AG,AG,AT,AG,AT,GG,GG,AG,GG,AG,AA,GG,AG,GG,AA,GG,GG,AA,GG,CC,GG,GG,GG,GG,GG,GG,GG,GG,GG,AC,AA,AA,GG,GG,AA,AA,AA,GG,GG,AG,GG,AA,DF
322,AC,AA,AG,AA,GG,AA,AA,AA,GG,GG,AG,CG,AA,GG,GG,AG,GG,AC,AA,AA,AA,CG,GG,GG,CG,AG,AG,AA,CC,AA,AG,AA,GG,CC,AG,GG,CC,GG,AA,AA,AG,CC,AC,CC,AA,GG,GG,CC,GG,AA,GG,AG,AA,AA,GG,AG,AA,AA,AA,GG,AA,CC,CC,GG,CC,AG,AG,AA,GG,AA,AA,GG,GG,AG,GG,AA,AA,AC,AG,CC,AA,AA,GG,AA,CC,AG,AA,AA,GG,AA,GG,GG,CC,GG,AG,CC,AG,AG,AG,AA,AG,GG,AG,AG,AG,AC,AC,AG,AG,GG,AA,GG,GG,AG,GG,GG,AA,AA,AG,AG,AG,CC,AA,CC,AA,GG,AA,GG,TT,GG,AA,GG,AG,GG,GG,AG,AG,AA,CC,AA,GG,CC,GG,GG,AA,AC,AG,AG,CG,GG,GG,AA,GG,GG,AC,GG,AA,AA,AA,AG,AA,CC,AA,GG,AG,GG,AG,GG,AA,AA,AA,GG,AA,AA,CC,CC,AA,GG,GG,AG,AA,TT,AA,GG,CG,AA,AG,AG,AA,GG,AG,AA,AT,GG,TT,AA,--,AG,AG,AG,GG,AG,AA,AA,AG,GG,GG,CC,GG,GG,GG,AG,AA,AG,--,AA,GG,CC,AG,AG,GG,GG,AA,GG,AA,AG,GG,AC,GG,AG,CC,AG,GG,AG,AA,GG,AG,CC,GG,AA,CC,AC,GG,AA,GG,GG,CG,AA,CG,AG,GG,AG,GG,AA,GG,GG,GG,AG,AG,AG,AC,GG,GG,CC,AA,AG,AT,GG,GG,AA,AG,AG,AT,AG,AT,GG,GG,AG,CG,AG,AT,GG,AG,AG,AA,GG,GG,AA,GG,CG,GG,AG,GG,GG,AA,GG,AA,CC,GG,AC,AC,AA,AG,GG,AG,AA,AG,AG,GG,GG,GG,GG,DF
324,--,AA,GG,AA,GG,AA,AG,AA,GG,GG,AA,CC,AG,--,GG,AA,GG,CC,--,AA,GG,GG,GG,GG,CG,AG,AA,AA,CG,GG,GG,AG,GG,GG,AG,GG,CC,GG,--,AA,AG,CC,AA,CG,AA,GG,GG,CC,GG,AA,AG,GG,AA,CC,AA,--,GG,AT,--,AA,AA,CC,CG,GG,--,GG,GG,AG,GG,AA,AA,GG,--,AA,GG,AA,AA,AC,GG,GG,AA,GG,GG,AA,CC,AA,AG,TT,GG,AA,GG,GG,AA,GG,GG,CC,AG,AG,AG,AG,AG,AG,AA,AG,AA,AC,AC,AG,GG,GG,GG,--,CG,AG,GG,GG,AA,AA,AG,AG,AG,AC,AA,CC,AA,AG,AA,GG,TT,GG,GG,GG,AG,GG,GG,AA,GG,GG,CC,AG,--,CC,CG,AG,TT,AC,GG,AA,CC,AA,GG,--,GG,GG,AA,GG,AA,GG,AG,GG,GG,GG,AG,AG,GG,GG,AG,AG,CC,AA,AA,AG,AA,AA,CC,CC,AA,GG,GG,AG,AA,TT,--,AG,CC,AA,AG,--,AA,GG,AG,AA,AT,GG,AA,AA,GG,AG,AA,--,--,AA,GG,AA,AG,GG,GG,CC,GG,GG,AG,GG,AA,AA,AG,AA,AG,CC,GG,--,GG,CG,AA,GG,AA,GG,GG,CC,AA,GG,--,AA,AG,AG,AG,GG,GG,AC,GG,--,CG,AA,GG,AA,GG,GG,GG,AA,CG,AA,GG,GG,AG,AA,GG,GG,GG,AA,AA,AA,AC,GG,GG,CC,AG,AA,--,GG,GG,AA,--,GG,AT,GG,AA,GG,GG,GG,GG,AA,AA,--,AG,GG,TT,AG,GG,AA,AG,CC,GG,GG,GG,GG,GG,AG,AA,CG,AG,AC,CC,AA,GG,--,AA,AC,AG,AA,GG,GG,AG,AG,SD
326,AC,AG,AG,AA,AG,AA,AA,AA,GG,GG,AG,GG,AG,GG,GG,AA,AA,AC,AG,GG,GG,GG,GG,GG,GG,AG,AA,AA,CC,AA,AA,AA,GG,CC,GG,GG,CC,GG,AA,AA,AA,CG,AC,CG,AA,AG,AG,CC,GG,AC,GG,AA,AA,CC,AG,GG,AG,AT,AG,AG,AA,CC,CG,GG,CC,GG,AG,AG,AG,AA,AG,GG,GG,AA,GG,AG,GG,AA,GG,CC,AA,GG,GG,AA,CC,AA,GG,TT,GG,GG,GG,CC,AA,GG,GG,AC,AG,GG,AG,AA,AA,GG,AA,AA,AA,CC,AA,AG,AA,AG,GG,AA,GG,AG,AG,GG,AA,AA,GG,AG,AG,AA,AA,CC,AA,GG,AA,GG,TT,GG,AA,AG,AG,GG,GG,AG,AG,AA,CC,AG,GG,AC,GG,GG,AT,CC,GG,GG,CC,GG,GG,AG,GG,AG,AC,AG,AA,GG,AG,GG,AG,CC,AG,AG,GG,CG,AG,GG,AC,AA,AG,AG,AG,AG,CC,CC,AA,GG,GG,AG,AG,AA,AA,AG,CC,AA,AG,AA,AG,GG,AG,AG,AT,GG,TT,AA,GG,AA,AA,GG,GG,GG,AA,AA,GG,GG,GG,CC,GG,GG,GG,AG,AG,AG,GG,AG,GG,CC,GG,AA,AG,CG,AA,GG,AA,GG,GG,AC,GG,GG,CC,AG,GG,GG,AA,GG,GG,AC,AA,AG,GG,AA,GG,AA,CG,GG,GG,AA,CG,AA,GG,AG,GG,AA,GG,GG,AG,AA,AA,AA,AC,GG,GG,CC,AG,AA,AT,GG,GG,AA,AA,GG,TT,AA,AA,AG,AA,AA,CC,AA,AA,GG,AA,GG,AT,GG,GG,AA,GG,CC,GG,GG,GG,GG,GG,GG,AG,CG,GG,CC,AA,AA,AG,GG,AA,AA,AA,GG,GG,AG,GG,AG,DF
328,CC,--,GG,AA,AG,AA,AA,AT,GG,--,--,CC,GG,--,GG,AA,GG,AA,AA,AG,AA,GG,GG,GG,CC,AG,AG,AA,CC,AA,GG,AA,GG,CG,--,GG,CC,GG,AA,--,AG,CG,AA,GG,AA,AG,AG,--,--,AA,--,AG,AA,CC,GG,AG,GG,AT,AA,AG,GG,CC,GG,GG,CC,--,AG,AA,AA,AA,--,GG,GG,AA,GG,--,AA,--,GG,CG,AA,GG,GG,--,CG,AA,AA,TT,GG,AA,GG,--,AA,GG,GG,--,--,GG,AA,AG,AG,GG,AA,AA,--,--,AC,AG,AA,GG,AA,AG,GG,AG,GG,GG,AA,--,AG,--,AG,--,AA,CC,AA,--,AG,--,TT,AG,--,GG,AG,--,AG,AG,AG,--,CC,--,AG,CC,CG,AG,--,AC,--,GG,CC,AG,GG,--,--,AG,AA,GG,AA,GG,AA,--,AA,CC,--,AG,GG,GG,AA,AA,AC,AA,AG,AG,AA,AA,--,CC,AG,CC,--,--,AA,TT,--,AG,--,AA,AA,--,--,GG,AG,--,AT,--,TT,AA,--,GG,AG,GG,GG,AG,--,AA,AG,GG,AG,CC,GG,GG,GG,GG,AA,AG,AA,AA,--,AC,GG,AA,GG,--,AG,GG,AA,AG,GG,AA,GG,--,CC,AG,GG,AA,AA,GG,GG,AC,AA,AG,GG,AA,GG,--,GG,GG,CC,AA,CC,AA,GG,GG,--,AA,GG,GG,--,AG,AG,GG,AA,GG,--,CC,AG,AA,AA,--,GG,AA,--,GG,AT,AG,--,GG,GG,AG,CG,--,AA,GG,--,AA,AT,AG,AG,--,--,CC,CG,GG,--,GG,AG,GG,AA,GG,GG,AC,--,AA,GG,AG,AA,--,--,GG,GG,AG,GG,AA,SD
329,AC,AA,GG,AA,GG,AA,AG,AA,GG,GG,AA,CC,AG,AG,GG,AA,GG,CC,AG,AA,GG,GG,GG,GG,CG,AG,AA,AA,CG,GG,GG,AG,GG,GG,AG,GG,CC,GG,AG,AA,AG,CC,AA,CG,AA,GG,GG,CC,GG,AA,AG,GG,AA,CC,AA,GG,GG,AT,AG,AA,AA,CC,CG,GG,CC,GG,GG,AG,GG,AA,AA,GG,AG,AA,GG,AA,AA,AC,GG,GG,AA,GG,GG,AA,CC,AA,AG,TT,GG,AA,GG,GG,AA,GG,GG,CC,AG,AG,AG,AG,AG,AG,AA,AG,AA,AC,AC,AG,GG,GG,GG,AG,CG,AG,GG,GG,AA,AA,AG,AG,AG,AC,AA,CC,AA,AG,AA,GG,TT,GG,GG,GG,AG,GG,GG,AA,GG,GG,CC,AG,--,CC,CG,AG,TT,AC,GG,AA,CC,AA,GG,AG,GG,GG,AA,GG,AA,GG,AG,GG,GG,GG,AG,AG,GG,GG,AG,AG,CC,AA,AA,AG,AA,AA,CC,CC,AA,GG,GG,AG,AA,TT,AA,AG,CC,AA,AG,AG,AA,GG,AG,AA,AT,GG,AA,AA,GG,AG,AA,AG,AG,AA,GG,AA,AG,GG,GG,CC,GG,GG,AG,GG,AA,AA,AG,AA,AG,CC,GG,AA,GG,CG,AA,GG,AA,GG,GG,CC,AA,GG,AC,AA,AG,AG,AG,GG,GG,AC,GG,AG,CG,AA,GG,AA,GG,GG,GG,AA,CG,AA,GG,GG,AG,AA,GG,GG,GG,AA,AA,AA,AC,GG,GG,CC,AG,AA,AA,GG,GG,AA,GG,GG,AT,GG,AA,GG,GG,GG,GG,AA,AT,AG,AG,GG,TT,AG,GG,AA,AG,CC,GG,GG,GG,GG,GG,AG,AA,GG,AG,AC,CC,AA,GG,GG,AA,AC,AG,AA,GG,GG,AG,AG,SD
330,AA,AG,AG,AC,AA,AG,AA,AA,GG,GG,AA,CC,AA,AA,AG,AA,GG,AA,AG,AG,AA,CG,GG,GG,CG,GG,GG,AG,CC,AG,GG,AA,GG,CG,GG,GG,CC,GG,AA,AA,AG,CC,AA,CG,AA,AA,GG,CC,GG,AA,GG,AG,AA,CC,AA,GG,GG,TT,AA,AG,AA,AC,GG,GG,CC,AA,GG,AG,AG,AA,AA,CG,AG,AG,GG,AA,AA,AC,GG,GG,AA,GG,AG,AG,CG,AA,AG,AT,GG,AG,GG,CG,AC,AG,GG,CC,AG,GG,GG,AA,AG,AA,AG,AA,AA,AA,AC,AG,AA,AG,AG,AG,GG,GG,AG,GG,AG,AA,AG,AG,AG,AC,AG,CC,GG,GG,AG,GG,TT,GG,AA,GG,AG,AG,AG,AA,AG,AG,CC,AG,GG,CC,GG,GG,AT,AC,GG,GG,CG,AG,GG,GG,GG,GG,AC,GG,AC,AG,AG,AG,AA,CC,GG,AG,GG,CG,AG,AG,AC,AA,AA,AG,AA,AA,CC,CC,AG,CG,GG,AA,AA,TT,AA,GG,CC,AA,GG,AG,AG,GG,AA,AA,AT,--,TT,AG,GG,AG,AG,GG,GG,AG,AA,AA,GG,AG,GG,CG,GG,AA,AG,AG,GG,AG,AG,AG,AA,AC,GG,GG,GG,GG,AG,GG,AA,AG,GG,AC,AG,GG,CC,AA,GG,AG,AG,GG,AG,CC,AG,AG,CG,AC,GG,AT,CC,GG,CG,AC,CG,AA,AG,AG,GG,AA,AG,GG,GG,AG,AG,AA,AC,AG,GG,CC,GG,AA,AA,AG,GG,AG,AG,AG,AT,AG,AT,GG,GG,AG,CG,AG,AA,GG,AA,GG,TT,AG,GG,GG,AG,CC,GG,GG,GG,GG,AG,GG,AG,CG,GG,CC,AC,AA,GG,GG,AA,AA,AA,AG,GG,GG,GG,GG,DF
332,CC,AG,AG,AC,GG,GG,AA,AA,GG,AG,AA,CC,AG,AG,AG,AA,GG,AA,GG,GG,GG,CG,GG,GG,CG,AA,GG,AA,CG,AA,AG,GG,GG,CG,AG,GG,AC,GG,AA,AA,GG,CC,AA,CC,AA,GG,GG,CC,GG,AA,GG,AG,AA,CC,AG,GG,GG,AT,--,GG,AA,CC,CG,AG,CC,GG,AG,AG,GG,AA,AA,GG,GG,AA,GG,AA,AG,AC,GG,CC,AA,GG,GG,AA,CG,AG,AG,TT,AG,GG,AG,CC,AA,AG,GG,CC,AA,AG,AG,AG,AA,AG,AA,AA,AA,AA,CC,AG,AA,AG,GG,GG,--,AG,AG,CG,AA,AA,AG,AG,AA,AC,AA,CC,AA,GG,AA,CG,TT,GG,AA,GG,GG,AG,GG,GG,AG,AG,CC,AG,AG,CC,CG,AG,AT,CC,AG,GG,CC,AG,GG,AG,CG,AA,AC,--,AA,AG,AG,GG,AG,CG,AA,AG,GG,--,GG,AG,AA,AA,GG,GG,AA,AA,CC,CC,GG,CC,CG,AA,AA,TT,AA,GG,--,AA,AG,AG,AA,AG,AG,AG,AT,AG,TT,AA,GG,AA,AA,GG,GG,GG,AA,AA,AG,GG,AG,CC,GG,GG,GG,GG,AA,GG,GG,AA,AG,CC,AG,AA,GG,GG,AA,GG,AG,AG,GG,AC,GG,AG,CC,GG,GG,AA,AG,GG,GG,CC,AG,AA,GG,AC,GG,AA,CC,GG,GG,CC,GG,AA,AA,GG,GG,AA,AG,AG,GG,AG,AG,GG,AA,AA,GG,CC,AA,AA,AA,GG,GG,AA,AG,AG,AT,AG,AT,GG,GG,AG,CC,AA,AA,GG,GG,AG,AT,AA,GG,AG,GG,CC,GG,GG,CG,GG,AG,GG,AG,CG,AG,AA,CC,AA,AG,AA,AA,AA,AA,GG,GG,GG,GG,GG,SD
333,CC,AG,GG,AA,GG,AA,AA,AA,GG,GG,AG,CC,AG,AA,GG,AA,AA,CC,AG,AG,AA,GG,GG,GG,CC,AA,AA,AA,CC,AA,AG,AG,GG,CC,AA,GG,AC,GG,AA,AA,GG,CG,AA,GG,AC,GG,GG,CC,GG,AC,AG,AG,AA,CC,AA,GG,GG,TT,AA,AA,GG,AA,GG,GG,CC,AG,AG,GG,GG,AA,AG,GG,GG,AG,GG,AA,GG,CC,GG,CG,AA,GG,GG,AA,CC,AA,AA,TT,GG,GG,GG,CC,AA,AG,GG,AC,AA,AG,AA,AA,AG,AA,AA,AG,AA,AC,CC,AA,AG,GG,AA,AG,GG,AG,GG,GG,AA,AA,GG,GG,AA,AA,AA,CC,AA,GG,GG,CG,TT,GG,AG,AG,AG,GG,AG,AA,GG,AA,CC,GG,AA,AC,GG,GG,AT,AA,AG,AG,CC,GG,AA,GG,CC,AG,AA,GG,AC,GG,GG,GG,AA,CC,AG,AA,GG,CC,AG,GG,AA,AA,AG,GG,AA,AA,CC,CC,AA,GG,GG,AG,AA,TT,AA,AG,CC,AA,AA,AA,AA,GG,AA,AA,AA,AA,TT,AA,GG,AG,AG,AG,AG,AA,AA,AA,GG,AG,AG,CC,GG,GG,GG,AG,AA,GG,AG,AA,AG,AC,GG,AG,GG,CC,AA,GG,AG,GG,GG,CC,GG,AA,CC,AA,AA,GG,AA,GG,GG,AA,AA,AG,CG,AA,GG,AA,GG,GG,CG,AC,CG,AA,GG,GG,GG,AA,GG,GG,AG,AG,AG,AA,AC,GG,GG,CC,AG,AA,AA,GG,AG,AA,AA,AA,TT,AA,TT,GG,GG,AA,CG,AA,AA,GG,AG,AG,TT,GG,AG,AG,AG,CC,GG,GG,GG,GG,GG,GG,GG,GG,AG,AC,AA,AA,GG,GG,AA,AA,AA,AG,AG,AG,GG,AA,SD
339,CC,GG,AG,CC,AG,AG,AG,AA,GG,AA,AG,CC,GG,AA,GG,AG,AA,AC,GG,AA,AG,CG,GG,GG,CC,AA,GG,GG,CG,AA,GG,AA,GG,GG,GG,GG,CC,GG,AA,AA,AA,CC,AA,CG,AA,AG,AG,AC,GG,AC,GG,GG,AA,AC,AA,GG,GG,TT,AG,GG,GG,AC,CG,AG,CC,AG,AA,GG,GG,AA,AA,CG,GG,AA,GG,AG,AA,AA,GG,CC,AC,GG,GG,AA,CC,AA,AA,TT,GG,GG,GG,CC,AA,AG,AG,AC,AG,AA,AA,GG,AA,AA,AA,GG,GG,CC,CC,AG,GG,AA,AG,GG,CG,AG,GG,CG,AG,AA,AG,AA,AA,AC,GG,CC,AA,AG,AG,CG,TT,AG,AG,GG,GG,AG,GG,AA,GG,GG,CC,AA,AG,AC,GG,GG,TT,AA,GG,AA,CC,AA,AA,GG,CG,GG,AC,AG,AA,AG,AG,GG,AG,CC,AA,GG,GG,CC,AG,AG,AA,AA,AG,AG,AG,AA,AC,CC,GG,CC,CG,AG,AG,TT,AA,GG,GG,AC,AA,AA,AA,GG,AA,AA,TT,AA,TT,AA,AG,AG,AG,AA,AA,AA,AA,AA,GG,GG,AG,CC,GG,GG,GG,AA,AA,GG,GG,AG,AA,CC,AG,AA,GG,GG,GG,AA,AA,GG,GG,AC,GG,AG,CC,AA,AG,GG,AA,GG,GG,CC,AA,AA,GG,AA,AA,TT,CC,GG,CG,AC,GG,AA,GG,GG,GG,AA,GG,GG,GG,AA,AA,GG,AC,AG,AG,CC,AA,AA,AA,GG,GG,AG,AG,AG,TT,GG,AT,AA,AG,GG,CG,GG,TT,AA,AA,GG,TT,AG,GG,AG,GG,CC,CG,GG,CG,GG,GG,GG,GG,--,GG,AC,CC,AA,AG,AG,AG,AA,AG,GG,GG,AG,GG,GG,SD
347,CC,AG,AG,AA,AG,AA,AA,AA,GG,AG,AA,CG,GG,AG,AG,AG,AG,AC,GG,AG,AG,CG,GG,GG,CG,AA,AG,AG,CC,AA,AG,GG,AG,CG,GG,GG,CC,GG,AA,AA,GG,CC,AA,CG,AA,AG,GG,CC,GG,AA,GG,AG,AA,AC,AG,GG,GG,TT,AA,AG,AG,AA,CG,GG,CC,AG,AA,GG,AG,AA,AA,GG,AG,AG,GG,AA,AA,AA,GG,CC,AA,AG,AG,AA,CC,AA,AA,AA,GG,AA,GG,GG,AA,AG,AG,CC,AG,AG,AG,GG,AA,AA,AG,AG,AA,CC,CC,AG,AG,GG,AA,AA,GG,AA,GG,GG,AA,AA,AA,AA,AA,AC,AG,CC,AA,GG,AG,CG,TT,GG,AG,GG,AG,GG,GG,AA,GG,AG,CC,GG,AG,CC,GG,GG,TT,AC,AG,GG,CC,AG,GG,GG,CG,AG,AA,GG,AA,AG,AG,AG,GG,CG,AA,AA,GG,GG,AA,AG,CC,AA,AA,AG,AG,AG,AC,CG,GG,GG,GG,AA,AA,TT,AA,GG,CG,AA,AG,AA,AG,GG,AG,AA,TT,GG,TT,AA,AG,GG,AG,AG,AG,AG,AA,AA,GG,GG,AA,CC,GG,AG,GG,AG,AA,AG,GG,AA,AG,AC,GG,AA,GG,GG,AA,GG,AA,GG,GG,AA,AG,GG,AC,AA,GG,AG,AA,GG,AG,CC,AG,GG,CG,AA,GG,AA,CC,GG,CG,AC,CG,AA,AG,GG,AG,AA,AG,GG,AG,AG,AG,AG,AA,GG,GG,CC,AA,AA,AA,AG,GG,AA,AA,AG,TT,AG,TT,GG,GG,AA,GG,AG,AA,AG,GG,AG,TT,GG,GG,AA,AG,CC,GG,AG,GG,GG,AA,GG,AA,GG,GG,AC,AA,AA,GG,GG,AA,AA,AA,AG,GG,GG,GG,GG,SD
355,CC,GG,AG,AC,AG,AA,AA,AA,CG,GG,GG,CG,AG,AG,GG,AA,AG,AA,AA,AG,GG,CG,GG,AG,CC,AG,AG,AA,CG,AA,GG,AG,GG,CC,GG,GG,CC,GG,AG,AA,GG,CC,AA,CG,AA,AG,GG,CC,GG,AC,AG,AG,AA,CC,GG,GG,GG,TT,AA,GG,AG,AA,CG,AG,CC,GG,AA,GG,GG,AA,AA,GG,GG,AG,GG,AA,AA,AA,GG,CC,AA,AG,GG,AA,CG,AA,AA,TT,AA,GG,AA,CC,AA,AG,GG,AC,AA,AG,AG,GG,AG,AG,AA,AA,AA,AC,CC,GG,AG,AA,GG,GG,GG,AG,GG,GG,AG,AA,GG,GG,AG,CC,AA,CC,AA,GG,AG,CG,TT,GG,AA,GG,GG,GG,AG,AG,GG,AA,CC,AA,AG,AC,GG,GG,AT,AC,AG,AG,CC,GG,GG,GG,CG,AG,AC,GG,AA,GG,AG,AG,AG,CC,AG,AG,AG,GG,AG,GG,AA,AA,AA,AG,AA,AA,AC,CC,AG,CG,GG,AG,AG,TT,AA,GG,CG,AA,AG,AG,AA,GG,GG,GG,TT,GG,TT,AA,GG,GG,AG,GG,GG,AA,AA,AA,GG,AG,GG,CC,AG,GG,GG,GG,AA,AG,AG,AA,GG,CC,GG,AA,GG,GG,GG,GG,AA,AG,GG,AA,GG,AA,CC,AG,GG,AG,AG,GG,GG,AA,AG,AG,CG,AC,GG,AA,CC,GG,CG,AA,CC,AA,GG,GG,GG,AA,GG,GG,GG,AA,AA,AG,AC,GG,--,CC,AG,AA,AA,GG,AG,AA,AG,GG,AA,GG,AT,GG,GG,GG,CG,AG,AA,GG,GG,GG,AT,AG,GG,GG,GG,CC,GG,GG,GG,AG,GG,GG,AA,GG,AA,CC,AC,GG,AA,GG,AA,AC,AA,AG,GG,AG,GG,AG,SD
356,AC,AG,GG,AC,AG,AA,AG,AA,CG,AG,AG,CG,AG,GG,AG,AA,AG,AA,AA,AG,GG,GG,AG,GG,CG,AA,GG,AG,CG,GG,AG,AG,GG,CG,AG,AG,CC,GG,AA,AA,GG,CG,AA,CC,AA,AG,GG,CC,GG,AA,GG,AA,AA,AC,AA,GG,GG,AT,AA,AG,AA,CC,CG,GG,CC,GG,AG,AG,GG,AA,AA,GG,GG,AA,GG,GG,AA,AC,GG,CC,AA,GG,GG,AA,CC,AG,AA,TT,AA,GG,AA,CC,AA,AG,GG,CC,AG,AG,AG,AA,AG,GG,AA,AA,AG,CC,CC,GG,AA,GG,GG,AG,GG,GG,AG,GG,AG,AA,AG,AG,AA,AA,AA,CC,AA,GG,AA,GG,TT,AA,AA,GG,GG,GG,GG,AG,AG,AG,CC,AA,GG,CC,CG,AG,TT,CC,GG,GG,CC,AG,GG,--,GG,GG,AA,GG,AA,GG,AA,AG,AA,CC,AG,GG,GG,GG,AG,AG,AC,AA,AG,GG,AA,AA,CC,CC,AA,GG,CG,AA,AA,TT,AA,GG,CC,AA,AG,AG,AA,GG,AA,AA,AT,GG,AA,AG,GG,AA,AA,GG,GG,GG,AG,AG,GG,AG,AA,CC,GG,GG,GG,GG,AA,AG,AG,AA,GG,CC,AG,AA,GG,GG,GG,AA,AA,GG,GG,AC,AG,GG,AC,AG,GG,AG,AA,GG,AG,CC,AG,GG,CG,AA,GG,AA,CG,GG,CG,AA,CG,AA,GG,GG,GG,AA,GG,GG,GG,AG,AG,AG,AA,GG,GG,CC,AG,AA,AA,--,GG,AG,AA,AA,TT,AG,TT,AG,GG,AG,CC,--,AA,GG,AG,AG,AA,AG,GG,AA,GG,CC,CG,GG,--,GG,GG,GG,AA,--,AG,AC,AC,AA,AG,AG,AG,AA,AG,GG,GG,GG,GG,GG,DF
358,AC,GG,AG,AC,GG,AA,AA,AA,GG,AG,AA,CC,AG,AA,AG,AA,AG,AC,AG,AG,GG,GG,GG,GG,CG,AA,AG,AG,GG,AA,GG,AG,AG,CC,AG,GG,CC,GG,AA,AA,AG,CC,AA,CC,AA,GG,GG,CC,GG,AC,AG,AG,AA,AC,AG,GG,GG,TT,GG,GG,AG,CC,--,GG,CC,AG,GG,GG,GG,AA,AG,GG,AG,GG,GG,AA,GG,AC,GG,CG,AC,AG,GG,AA,CG,AA,AG,AA,GG,AA,GG,GG,CC,GG,GG,CC,AA,GG,GG,AG,AG,AA,AA,AA,AA,AC,CC,AA,AG,AG,GG,AG,CC,AG,AG,GG,AA,AA,AG,AA,GG,CC,AG,CC,AA,AA,AA,GG,TT,GG,AG,AG,AG,AG,GG,AG,GG,AA,CC,AA,GG,CC,GG,GG,AT,AC,AG,AG,CC,GG,AA,GG,GG,GG,AA,AG,AA,AG,AA,AA,AG,CC,AA,GG,AG,CC,AG,AG,AA,AA,AA,GG,AA,AA,CC,CC,AA,GG,GG,AG,AG,TT,AA,AG,CG,AA,GG,AG,AG,AG,AA,AA,AT,AA,TT,AA,AG,AG,AG,AG,AG,AG,AA,AA,GG,AG,GG,CG,GG,GG,GG,AG,AA,AA,AA,AA,AA,CC,AG,AG,GG,GG,AA,GG,AA,GG,GG,AC,AA,GG,AC,AG,GG,AA,AA,GG,AG,AC,GG,AG,CC,AA,GG,AA,CC,GG,CC,AC,GG,AA,AG,GG,GG,AA,GG,AG,AG,AA,AA,AG,AA,GG,GG,CC,AA,AA,AA,--,GG,AA,GG,GG,AA,GG,AA,GG,--,GG,CG,GG,AA,AG,GG,AG,AA,GG,GG,AA,GG,CC,GG,GG,GG,GG,GG,GG,GG,GG,GG,AA,AA,AG,AG,AG,AA,AA,AA,AG,GG,AA,GG,--,SD
361,CC,--,AG,AA,AA,GG,AA,AA,GG,--,AG,CC,AA,AA,AG,AA,AA,AA,--,GG,--,--,GG,GG,GG,AA,AA,--,CG,AA,--,AA,GG,CG,AG,GG,CC,GG,--,AA,GG,CG,AA,CC,AA,AG,--,AC,GG,AC,AG,AG,AA,AC,AA,AG,GG,TT,--,GG,AA,AC,CG,GG,CC,AG,AG,--,AA,AA,AG,CG,GG,--,--,AG,GG,AA,GG,CC,AA,GG,AG,AA,CG,GG,AG,AA,GG,AA,GG,GG,CC,GG,GG,CC,GG,GG,--,AG,AA,AA,AA,AG,AG,CC,CC,AA,GG,AA,GG,GG,CG,GG,--,GG,AG,AA,AG,AG,GG,--,AG,CC,AA,AG,GG,CG,TT,GG,AA,GG,--,GG,GG,AG,GG,AG,CC,AA,AG,--,CG,AG,TT,AC,GG,AA,CC,AG,GG,GG,CG,AG,AC,AG,AA,GG,--,GG,AG,CC,AG,AG,AG,CC,--,GG,CC,AA,GG,GG,AA,AA,CC,CC,GG,CG,GG,--,AA,--,--,GG,CC,AA,AG,AG,AA,GG,AG,AA,TT,GG,TT,AA,--,AG,AA,AG,AG,AA,AG,AA,GG,AG,GG,CC,GG,GG,GG,AG,AA,--,GG,AA,AG,AC,AG,AG,GG,CG,AA,GG,AA,GG,GG,AC,GG,AG,CC,AG,GG,AG,AG,GG,GG,AC,AG,GG,GG,AA,GG,--,CC,GG,--,AA,CC,AA,GG,AG,GG,AA,GG,GG,AA,AA,AA,--,AA,AG,GG,--,AG,AA,AA,--,GG,AA,GG,GG,AA,GG,AA,GG,--,GG,CG,GG,AA,GG,AG,GG,AA,GG,GG,AG,GG,CC,GG,AG,--,AG,GG,GG,GG,GG,AG,AA,AA,AA,GG,GG,AA,AA,AA,AG,GG,AG,GG,AG,DF
363,AC,GG,AG,AA,AG,AG,AA,AA,GG,AA,AG,CG,AG,AG,GG,AG,AA,AC,AG,AG,AA,GG,GG,GG,CG,GG,AG,AG,CC,AG,GG,AG,GG,CC,AG,GG,CC,GG,AG,AA,AG,CC,AA,CC,AA,GG,GG,CC,GG,AA,AG,AG,AA,CC,AA,GG,GG,TT,--,--,AA,AC,CG,AG,CC,AG,GG,GG,GG,AA,AA,CG,GG,--,GG,AA,AG,AC,GG,CG,AA,AG,--,AA,CC,AG,AG,TT,AG,AG,AG,CG,AA,AG,GG,CC,GG,GG,GG,AA,AG,AG,AA,GG,AG,AC,AC,AG,GG,AA,AG,GG,GG,GG,AG,GG,AA,AA,AG,AG,GG,AC,AG,CC,AG,GG,AG,GG,TT,GG,AA,GG,GG,AG,GG,AG,AG,AA,CC,AA,GG,CC,GG,GG,AA,AC,GG,AA,CG,GG,AG,AG,GG,GG,AA,AG,AA,GG,AA,AG,AG,CG,AA,AA,GG,GG,AG,AA,AA,AA,AA,AA,GG,AA,AC,CC,GG,CG,GG,AG,AA,TT,--,GG,CC,AA,GG,AG,AA,AG,AA,AA,AA,--,TT,AA,--,GG,AG,AG,AG,AA,AG,AG,AG,AG,GG,GG,GG,AG,GG,AG,AG,--,GG,AA,AG,CC,GG,AA,GG,GG,AA,AG,AA,AG,GG,AC,GG,AG,CC,AG,AG,AG,AA,GG,GG,AC,AG,GG,GG,AC,GG,AA,--,GG,CG,AC,CG,AA,AG,GG,GG,AA,GG,GG,GG,AA,AA,AG,AC,GG,AG,CC,AA,AA,AA,--,GG,AG,--,AG,AT,GG,AA,AG,--,GG,CG,AG,AA,GG,GG,GG,AT,GG,GG,GG,AA,CC,GG,GG,CG,GG,AG,GG,AA,CG,GG,CC,AA,AA,GG,--,AA,AA,AG,AA,GG,AG,GG,AG,DF
364,CC,AA,AG,AC,AG,AG,AG,AA,GG,AG,AG,CC,GG,AA,AG,AG,AA,CC,GG,GG,GG,GG,AG,GG,CC,AA,AG,AA,CG,AA,GG,AG,GG,CG,AG,AG,CC,GG,AA,AA,GG,CG,AA,CG,AC,GG,GG,CC,GG,AC,GG,GG,AA,CC,AG,GG,GG,TT,AA,GG,AA,AC,CG,AG,CC,GG,GG,GG,GG,AA,AA,CG,GG,AA,AG,AG,AA,AA,GG,CC,AA,AG,GG,AA,CC,AA,AA,AA,GG,AA,GG,GG,AA,AA,GG,CC,GG,GG,AA,AG,AA,AA,AA,AG,GG,CC,CC,AG,AG,AA,GG,GG,CG,GG,AG,GG,AA,AA,AG,AA,AA,AC,AA,CC,AA,AG,AA,GG,TT,GG,AG,AG,GG,AA,AG,AA,GG,AG,AC,AA,GG,AC,CG,AG,TT,AA,GG,AG,CC,AG,GG,GG,GG,GG,AC,GG,AA,GG,AG,GG,GG,CG,AA,AG,AG,GG,GG,AA,AA,AG,AA,AG,AA,AA,AC,CC,GG,CC,GG,AA,AG,TT,AA,AG,GG,AA,AA,AA,AA,GG,AG,AA,AT,GG,TT,AG,GG,AG,AG,AG,GG,AA,AG,AA,GG,GG,AG,CC,AG,GG,GG,AA,AG,AG,AA,AA,AA,CC,AG,AA,GG,GG,GG,AA,AA,GG,GG,AC,GG,GG,CC,GG,GG,AG,AA,GG,GG,AA,AG,GG,CG,AA,GG,AA,CC,GG,GG,AC,GG,AA,AG,GG,GG,AA,GG,GG,GG,AG,AG,GG,CC,AG,AG,CC,AG,AG,AT,AG,GG,AA,AA,AA,TT,AG,TT,AG,GG,AG,CG,AG,AT,GG,AG,AG,AT,AG,AG,GG,AA,CG,GG,GG,CG,GG,GG,GG,AA,--,AG,AA,AC,AA,AG,AG,AG,AA,AA,AA,GG,GG,GG,AG,SD
370,CC,AA,AG,AC,AG,AA,AG,AA,GG,GG,AA,CG,AG,AG,AG,AA,AG,AA,AG,GG,AG,GG,GG,GG,CG,AA,AG,AG,CC,AA,AG,AG,GG,GG,GG,GG,CC,GG,AG,AA,AG,CC,AA,CC,AA,AG,GG,CC,GG,AC,AG,GG,AA,AC,AG,GG,GG,TT,AG,AG,AA,CC,GG,GG,CC,GG,AG,GG,AG,AA,AA,GG,GG,AG,GG,AG,GG,AA,GG,CC,AA,AG,GG,AA,CC,AG,AG,AA,GG,AA,GG,GG,CC,AG,GG,CC,AG,AA,AA,AG,AA,AG,AA,AG,AG,CC,CC,GG,AG,AG,AG,AG,GG,GG,GG,CG,AA,AA,AG,AG,AA,CC,AG,CC,AA,GG,AA,GG,TT,GG,GG,AG,AG,GG,AG,AG,GG,GG,CC,AG,AG,AC,GG,GG,AT,AC,GG,AG,CC,AA,GG,GG,CG,AG,AA,GG,AA,GG,AA,--,AA,CC,AG,AA,AG,CC,AA,AG,AC,AA,GG,GG,AA,AA,AC,CG,AG,GG,GG,AG,AA,TT,AA,GG,CG,AA,AA,AA,AA,GG,AG,AG,TT,AA,TT,AA,GG,GG,AG,GG,GG,AA,AA,AA,AA,GG,AG,CC,AG,AG,--,AG,AA,AG,GG,AG,AG,CC,AG,AA,GG,CG,AA,AA,AA,GG,GG,AA,AG,GG,AC,AG,GG,AA,GG,GG,GG,AA,AA,AA,GG,AC,GG,AA,CC,GG,CG,AC,GG,AG,AG,GG,AG,AA,GG,AG,GG,AG,AG,AG,AC,GG,GG,CC,GG,AA,AA,GG,AG,AA,AA,AA,TT,AG,TT,AG,GG,AG,GG,GG,AA,GG,GG,AG,AT,GG,GG,AA,AG,CC,GG,GG,GG,GG,GG,GG,GG,GG,GG,AC,AA,AA,AA,GG,AA,AA,AG,AG,GG,GG,GG,AG,SD
373,CC,AG,AA,AA,GG,AA,AA,AA,GG,AG,AA,CC,GG,AA,GG,AA,AG,AA,AG,AA,AG,GG,GG,GG,CC,AG,AG,AG,CC,GG,AG,AA,GG,CC,GG,GG,CC,GG,AA,AA,GG,CC,AA,CG,AA,GG,--,CC,GG,CC,AA,AG,AA,AA,AG,GG,AA,TT,AA,GG,GG,AA,GG,GG,CC,GG,AA,GG,AG,AA,AG,GG,GG,GG,AG,AA,AA,AC,GG,CC,AA,GG,GG,AA,CC,AA,AA,TT,GG,AA,GG,GG,AA,AA,GG,CC,AG,AG,AA,GG,AG,AA,AG,AG,AA,AC,CC,AA,AA,AG,AG,AG,GG,AG,AG,GG,AA,AA,AA,AA,AG,AC,AA,CC,AG,GG,AG,CG,TT,GG,AG,AA,AG,AG,GG,GG,GG,AA,CC,AA,AG,AA,GG,GG,TT,CC,AG,GG,CC,GG,GG,GG,CG,AG,AA,GG,AA,AG,AG,AG,AG,CG,AG,AG,GG,GG,AG,AG,AC,AA,GG,GG,AA,AA,AC,CG,AG,GG,GG,AA,AA,AT,AA,GG,CG,AA,AA,AA,AA,GG,AG,AG,TT,GG,AA,AA,GG,AA,AA,GG,GG,GG,AA,AG,GG,AG,AG,CC,GG,AA,GG,AG,AA,AG,AG,AA,AA,CC,GG,AG,GG,GG,AA,GG,AA,AG,AG,AA,GG,AG,CC,GG,GG,AG,AA,GG,GG,CC,AG,AG,GG,AC,GG,AA,CC,GG,CG,AA,CG,AG,GG,GG,GG,AA,AG,GG,GG,AG,--,AG,AA,GG,GG,CC,AG,AA,AA,GG,GG,AA,AA,AG,AT,AA,AT,GG,GG,AA,CG,AA,AA,GG,AA,GG,AA,GG,GG,AA,GG,CC,GG,AG,GG,GG,AA,GG,AA,GG,AG,AC,AC,AA,AG,GG,AA,AA,AA,GG,GG,AG,GG,GG,SD
374,CC,GG,GG,AC,GG,AA,AG,AT,GG,GG,GG,CC,GG,AG,GG,AA,GG,AA,AG,AA,AG,GG,GG,AG,CC,AG,AG,AA,GG,AA,GG,AG,GG,CC,AG,GG,CC,GG,AA,AA,AA,CC,AA,CC,AA,GG,AG,AC,GG,AA,GG,AG,AA,CC,AA,GG,GG,AT,AA,--,GG,AC,GG,AG,CC,AA,GG,AG,GG,AA,AA,GG,AG,AG,GG,AA,GG,AC,GG,CG,AA,GG,GG,AA,CC,GG,AG,TT,AA,GG,AA,CC,AA,AG,GG,CC,GG,AG,AG,AG,AG,AG,AG,AA,AG,AC,CC,AG,AG,AG,GG,GG,GG,GG,GG,GG,AA,AG,AG,AG,AG,AA,AA,CC,AA,GG,AG,CG,TT,GG,AG,GG,AG,GG,GG,GG,AG,AA,AC,AG,AG,CC,CG,AG,AT,AC,GG,AG,CG,GG,GG,AG,CG,AG,AA,GG,AA,GG,AA,AG,AG,CG,AA,AG,GG,CC,AG,GG,AA,AA,AG,AG,AA,AA,CC,CC,AA,CC,GG,AA,AG,TT,AA,GG,CG,--,AG,AA,AA,GG,AG,AA,AT,AA,TT,AG,AG,AG,AG,AG,GG,AG,AA,AA,GG,GG,GG,CC,GG,GG,GG,GG,AA,AG,GG,AA,GG,AC,GG,GG,GG,GG,AA,GG,AA,GG,AG,CC,AA,GG,CC,GG,GG,AA,AA,GG,GG,AA,GG,AG,GG,AC,GG,AT,CG,GG,GG,AA,CG,AA,GG,GG,GG,AA,GG,AG,GG,AA,AA,AG,AC,GG,GG,CC,AA,AA,AA,AG,GG,AA,GG,GG,AA,GG,AA,GG,GG,GG,CG,AG,--,GG,GG,AG,TT,GG,GG,AG,AG,CG,GG,GG,GG,GG,GG,GG,GG,GG,AG,CC,CC,GG,GG,GG,AG,AC,AG,AG,GG,AA,GG,AA,DF
379,CC,AG,GG,AA,AG,AA,AA,AA,GG,AG,GG,CC,GG,AG,GG,AG,AA,AA,GG,AG,AG,GG,GG,GG,CG,AA,AG,AA,CG,AA,GG,AA,GG,CC,GG,GG,AC,GG,AA,AA,GG,GG,AA,CC,AA,AG,GG,CC,GG,AA,GG,GG,AC,CC,AG,GG,GG,TT,AA,GG,AG,AC,CC,GG,CC,AG,AA,AG,GG,AA,AG,CG,GG,GG,GG,AG,AA,AA,GG,CC,AA,GG,GG,AA,CC,GG,AG,AA,GG,AA,GG,GG,AA,GG,AG,CC,GG,GG,GG,AA,AA,AG,AA,AG,AA,AC,CC,AA,AG,AG,AG,GG,GG,GG,GG,GG,AA,AA,AG,AA,GG,--,AG,CC,AA,GG,AG,CG,TT,GG,GG,GG,GG,AG,GG,AG,AG,AA,AC,AG,AG,CC,CG,AG,AT,AC,AG,AG,CC,GG,GG,AG,CG,AG,AA,GG,AC,GG,AA,AG,AA,CC,AG,GG,GG,GG,AG,AG,AC,AG,AG,AG,AG,AA,AC,CG,AG,GG,GG,AG,AA,TT,AA,GG,CC,AA,GG,GG,AA,GG,AG,AG,AT,GG,TT,AA,AG,AG,AG,AG,GG,AG,AG,AA,GG,AG,AG,CC,GG,GG,GG,AG,AA,AA,GG,AA,GG,AC,AG,AG,GG,GG,AA,AA,AG,AG,GG,AC,GG,AG,CC,AG,GG,GG,AA,GG,GG,AC,AG,AG,GG,AA,GG,AA,CC,GG,CG,AC,CG,AA,AG,AG,GG,AA,AG,GG,GG,AA,AA,AA,AA,GG,GG,CC,AG,AA,AA,GG,GG,AA,GG,GG,AT,GG,AA,GG,--,GG,GG,AG,AA,GG,AA,GG,TT,AG,GG,AG,AG,CC,CG,AG,GG,GG,GG,GG,AA,GG,AG,AA,AC,AA,AG,AG,AA,AA,AA,GG,GG,GG,GG,GG,SD
387,CC,GG,AA,AC,GG,AA,AA,AA,GG,GG,GG,CC,AG,GG,AG,AA,AG,AC,GG,GG,AA,CG,AG,GG,CG,AG,GG,AA,CC,AA,AG,AG,GG,CC,GG,GG,CC,GG,AA,AA,GG,GG,AA,GG,AA,GG,GG,CC,GG,AA,GG,AG,AA,CC,AA,GG,GG,AT,AA,AG,AG,AC,GG,GG,CC,AG,AA,AG,GG,AA,AG,GG,GG,AA,GG,AA,AG,AA,AG,CG,AA,GG,GG,AA,CC,AA,AA,AT,AG,AG,GG,CG,AA,GG,GG,CC,AA,AG,AG,AG,AA,GG,AA,AG,AG,CC,AC,AA,AA,GG,AG,AG,GG,AG,AA,GG,AA,AA,AG,AA,GG,--,AA,CC,AA,GG,AG,GG,TT,GG,AG,GG,GG,AG,AG,AG,GG,AG,CC,AG,GG,CC,CG,AG,AT,AC,GG,GG,CG,GG,GG,AA,GG,AG,AA,AG,AA,GG,GG,GG,AA,CC,GG,AA,AG,GG,AG,AA,AA,AA,AA,AG,AG,AA,AC,CC,AG,CG,CG,AA,AG,TT,AA,GG,CC,AA,AG,AA,AA,GG,AG,AA,AT,GG,TT,AA,GG,AG,AG,GG,GG,AG,AA,AG,AG,AG,GG,CC,GG,GG,GG,AG,AA,AA,AG,AA,AG,AC,AG,AA,GG,GG,AG,AG,AA,GG,GG,AA,AG,AG,AC,AG,GG,AG,AA,GG,AG,AC,AA,AG,CG,AA,GG,AT,CC,GG,GG,AA,CG,AG,GG,AG,AG,AA,AG,GG,GG,AA,AA,AA,CC,GG,AG,CC,GG,AA,AA,GG,GG,AA,GG,GG,AT,GG,AA,GG,--,GG,CG,AG,AA,AG,GG,AA,AT,AA,GG,AG,GG,CG,GG,GG,GG,GG,GG,GG,AA,GG,GG,AC,CC,AA,AG,AG,AG,AA,AG,AG,GG,AG,GG,AA,DF
388,CC,AG,AA,AC,GG,AA,AA,AA,GG,GG,AG,CC,GG,GG,GG,AG,AG,AC,GG,AG,AA,CG,AG,GG,CG,AG,AG,AA,CC,AA,AA,AA,GG,CG,GG,GG,CC,GG,AA,AA,GG,CC,CC,GG,AA,GG,GG,CC,GG,AA,GG,AG,AA,CC,AA,GG,GG,AT,AA,AG,AA,AC,CG,GG,CC,AG,GG,AG,AG,AA,AA,GG,GG,AA,GG,AA,AG,AA,GG,CC,AA,GG,GG,AA,CC,AA,AA,AT,AG,AG,GG,CG,AA,GG,GG,CC,AG,AG,AG,GG,AA,GG,AA,AG,AG,CC,AC,AG,AG,AA,AG,AG,GG,AG,AA,GG,AA,AA,GG,AG,GG,AC,AA,CC,AA,GG,AG,GG,TT,GG,AA,GG,AG,AA,AG,AG,AG,GG,CC,AG,GG,CC,CC,AA,TT,AA,GG,AG,CC,AG,GG,AA,GG,AG,AC,GG,AA,GG,GG,GG,AA,CC,GG,GG,GG,GG,AA,AA,CC,AA,AA,GG,AA,AA,AA,CG,GG,CG,CG,AA,AG,TT,AA,GG,CG,AA,AG,AA,AA,GG,AG,AA,AT,GG,TT,AA,GG,AG,AG,AG,GG,AA,AA,AG,AG,AG,GG,CC,GG,GG,GG,AG,AA,AA,GG,AA,AG,CC,AG,AA,GG,GG,AG,AG,AA,GG,GG,AA,AG,GG,AC,AG,GG,AG,AA,AG,GG,AC,AA,AG,CC,AC,GG,AT,CG,GG,GG,CC,GG,AA,AG,GG,GG,AA,GG,GG,GG,AA,AA,AG,AA,GG,AG,CC,GG,AA,AA,GG,GG,AA,GG,GG,AA,GG,AA,GG,--,GG,CG,GG,AA,AG,GG,AA,AT,AG,GG,AG,GG,CC,GG,GG,GG,GG,GG,GG,AA,GG,GG,AC,CC,AA,GG,AG,AA,AA,AA,GG,GG,GG,GG,AA,DF
392,CC,AA,AG,AC,AA,AA,AA,AA,GG,AA,AA,CC,AA,AA,GG,AG,AA,AC,GG,GG,GG,CG,GG,AG,CG,AA,GG,AA,CC,GG,GG,AA,GG,CC,AG,GG,CC,GG,AA,AA,AG,CC,AA,CC,AA,AG,GG,CC,AG,AA,AG,GG,AA,AC,AA,AG,GG,TT,AG,AG,AA,AC,CC,GG,CC,GG,AG,GG,GG,AA,AG,CG,AG,AA,GG,AA,GG,AA,GG,CC,AA,GG,GG,AA,CC,AG,AA,TT,GG,AA,GG,GG,AA,AG,GG,CC,GG,GG,AG,AG,AA,AA,AA,AA,AG,AC,CC,AA,AG,AA,GG,AG,CG,GG,GG,CG,AG,AA,AG,AG,AG,--,AA,CC,AA,AG,AG,CG,TT,AA,--,GG,GG,AG,AG,AA,GG,AA,CC,AA,AG,CC,GG,GG,TT,AA,GG,AG,CC,GG,GG,GG,CG,GG,AC,GG,AA,AG,AA,GG,AG,CC,AA,AG,AG,GG,AG,AG,AC,GG,AA,AG,AA,AA,AC,CG,AG,GG,GG,AA,AA,AT,AA,GG,CG,AA,AG,AG,AA,GG,GG,AG,TT,GG,AA,AA,AG,GG,GG,AG,AG,AA,GG,AA,GG,GG,GG,CC,AG,GG,GG,GG,AA,AG,GG,AA,AA,CC,AG,AA,GG,GG,AA,GG,AA,AG,GG,CC,AG,GG,CC,AA,GG,AA,AA,GG,GG,AC,AG,AG,GG,AA,GG,AT,CC,GG,GG,AA,CC,AA,GG,GG,GG,AA,GG,GG,GG,AG,AG,AG,AC,GG,GG,CC,AA,AA,AA,GG,GG,AA,AA,AG,AT,AA,AT,GG,GG,AA,GG,AG,AA,GG,GG,AG,AT,AG,GG,AA,AG,CC,CG,GG,GG,GG,GG,GG,AA,--,AG,AC,CC,AA,GG,AG,AA,CC,AG,AG,GG,GG,GG,GG,DF
394,AC,AA,AA,AC,AG,--,AG,AT,GG,AG,AA,CG,AG,AG,GG,AA,AA,CC,GG,GG,AG,CG,GG,AA,CC,AG,GG,AA,CG,GG,--,AG,GG,CC,GG,GG,--,GG,AA,AA,--,CC,AA,CG,AA,GG,GG,CC,GG,AA,GG,AG,AA,AC,AA,AG,GG,TT,--,GG,AA,CC,CC,AG,CC,GG,AG,--,AA,AA,AA,GG,GG,--,GG,AA,--,AA,GG,CC,AA,GG,--,AA,CC,AG,AA,TT,GG,GG,GG,CC,AA,--,GG,AC,GG,AG,AG,AG,AA,AG,AG,AA,GG,AC,CC,AG,AA,AA,AG,GG,--,GG,GG,GG,AA,AA,AG,AA,AA,AC,AA,CC,AA,GG,AA,--,TT,GG,AA,GG,AG,GG,AA,AA,--,AA,CC,AA,AG,CC,GG,GG,AT,AA,GG,GG,CC,GG,AA,GG,CG,AG,--,GG,AC,AG,AG,GG,GG,CC,AG,GG,AG,CC,--,--,CC,AA,AG,AG,AA,AA,AC,CG,GG,GG,GG,--,AA,--,--,GG,CG,AA,AG,AA,AA,GG,AG,AA,AT,GG,AA,AA,--,GG,GG,GG,GG,AA,AA,AA,AA,AG,GG,CC,AG,GG,GG,AG,AA,AG,GG,--,GG,CC,GG,AG,GG,GG,AA,GG,AA,AA,GG,--,AG,GG,CC,AG,AG,AA,AA,AG,GG,AA,AG,AG,GG,AC,AG,TT,GG,GG,GG,--,GG,AG,GG,GG,GG,AA,GG,GG,GG,AA,AA,GG,CC,GG,GG,CC,AG,AA,AA,GG,GG,AA,AA,GG,AT,GG,AT,AG,GG,AG,CG,AG,AT,AG,GG,--,TT,AG,GG,AG,GG,CG,GG,GG,--,GG,GG,GG,GG,GG,GG,AC,AC,AA,GG,AG,GG,AC,AA,AA,GG,GG,GG,GG,SD
400,AA,AA,AG,AC,AG,AA,AA,AA,GG,GG,AG,CG,GG,AG,GG,AG,GG,AA,AA,AG,AG,CG,AG,GG,CG,AG,AG,AA,CG,AA,AG,AG,AG,CC,GG,GG,CC,GG,AA,AA,GG,CC,AA,CG,AA,AG,GG,CC,AG,AA,GG,GG,AA,AC,--,GG,GG,TT,AG,GG,AA,CC,CG,AG,CC,GG,AG,GG,GG,AA,AG,GG,AG,AA,GG,AA,AA,AA,GG,CG,AA,GG,GG,AA,CC,AA,AA,TT,AA,GG,AA,CC,AA,AG,GG,CC,AA,AG,AG,GG,AG,AG,AG,AA,AG,CC,CC,AA,AG,AA,GG,AG,CG,AG,AG,GG,AA,AG,AG,AG,AA,AC,AA,CC,AA,AG,AA,CG,--,GG,GG,GG,GG,GG,GG,AG,GG,AA,CC,AG,AG,CC,CG,AG,AT,AA,AG,AG,CG,GG,GG,GG,CG,AG,AA,--,AA,GG,AA,GG,AA,CC,AA,AG,GG,CC,--,AA,AC,AA,AG,AG,AA,AA,CC,CC,AA,GG,GG,--,AG,TT,--,GG,--,AA,AG,AG,AA,GG,GG,AA,TT,GG,TT,AG,AG,AG,AG,AG,GG,AG,AA,AA,--,AA,GG,CG,GG,GG,GG,AG,AA,GG,AA,AA,AG,CC,GG,AA,GG,GG,AA,AA,AA,AG,GG,AA,GG,AG,CC,AG,GG,AG,GG,--,--,AC,AG,AG,GG,AC,GG,AA,CG,GG,GG,AA,CC,AA,GG,AG,AG,AA,GG,GG,GG,GG,GG,AA,AA,GG,GG,CC,AA,AA,AA,GG,GG,AA,AA,AA,TT,AA,TT,GG,GG,AA,GG,AA,AA,--,AG,GG,AT,GG,AG,AG,AG,CC,CC,GG,--,GG,AA,GG,GG,GG,GG,CC,AC,AA,AG,GG,AA,AA,AA,GG,GG,GG,GG,GG,SD
402,CC,AG,AG,AC,AG,AA,AA,AA,GG,AG,AA,CG,AG,AG,GG,GG,AA,AC,GG,AG,AG,CG,GG,GG,CG,AG,AG,AA,CG,GG,AG,AG,GG,CC,GG,GG,AC,GG,AA,AA,GG,CC,AA,CC,AA,AG,AG,AC,GG,AC,GG,GG,AA,AA,GG,GG,AA,AT,AA,GG,AG,AC,CC,GG,CC,GG,AG,AG,AG,AA,AG,GG,GG,AA,GG,AA,AA,AA,AG,CC,AA,AG,GG,AG,CC,AA,AG,TT,GG,AA,GG,GG,AA,AG,GG,CC,GG,AG,AG,GG,AA,AG,AA,AA,AA,CC,AC,AA,GG,GG,AG,GG,GG,AG,GG,GG,AA,AA,AG,AG,AG,AC,AA,CC,AA,GG,AA,GG,TT,GG,AG,AG,AG,GG,GG,AA,GG,AA,CC,AA,GG,AC,CG,AG,TT,AA,AG,AG,CC,GG,AA,AG,GG,GG,AC,GG,AA,AG,AG,GG,AG,CC,AG,GG,AG,GG,GG,GG,AC,AA,AG,AG,AA,AA,AC,CC,AG,CG,GG,AA,AG,TT,AA,GG,GG,AA,AG,AG,AA,GG,AG,AA,AT,AA,TT,AA,AA,GG,GG,AA,AA,AA,AA,AA,GG,AG,GG,CC,AG,GG,GG,AG,AA,AG,AG,AA,GG,CC,AA,AG,GG,GG,GG,GG,AG,GG,GG,CC,GG,GG,CC,AA,GG,AA,AA,GG,GG,AC,GG,GG,GG,AA,GG,AT,CC,GG,GG,AA,GG,AG,GG,GG,GG,AA,AG,GG,GG,AG,AG,GG,CC,GG,AG,CC,GG,AA,AT,GG,GG,AA,AG,AG,AT,AG,AT,GG,GG,AG,GG,AA,AA,GG,--,AG,AT,GG,GG,AA,AG,CC,GG,GG,GG,AG,GG,GG,GG,--,GG,CC,AA,AG,AG,GG,AG,AA,AA,AG,GG,AG,AG,GG,SD
409,AA,--,AA,AA,AA,AA,AA,AA,GG,AG,AG,CC,GG,AG,AG,AA,AG,AA,AG,AG,AG,GG,GG,GG,CC,AG,AA,AA,CG,AA,GG,AG,GG,CG,GG,GG,CC,GG,AA,AA,AG,CC,AA,CG,AA,AG,AG,AC,GG,AA,AG,AG,AA,CC,AA,GG,GG,AT,AA,GG,AA,CC,CG,GG,CC,AG,GG,AG,GG,AA,AA,GG,GG,AA,GG,AG,AA,AA,GG,CG,AA,AA,--,AG,CC,AG,AA,TT,GG,GG,GG,GG,AA,--,AG,CC,--,GG,AG,AG,AA,AG,AG,AG,AA,CC,AC,GG,AG,AG,GG,GG,GG,GG,AG,GG,AG,AA,AG,AA,GG,CC,AA,CC,AG,GG,AA,GG,TT,GG,AG,GG,GG,GG,GG,AG,GG,AG,CC,AA,GG,CC,GG,GG,AT,AA,GG,AG,CC,AG,GG,AG,--,AG,AA,GG,AA,AG,AG,GG,AG,CC,AG,AG,AA,GG,AA,AA,AA,AA,AG,AG,AA,AA,AC,CC,AG,CC,GG,AG,--,TT,AA,GG,--,AA,AG,AA,AG,GG,GG,AG,TT,AA,TT,AA,--,AG,AG,AA,AG,AA,AA,AA,GG,GG,AA,CC,GG,AG,GG,AA,AG,AA,AG,AA,AG,CC,AG,AA,GG,GG,AA,GG,AA,AG,GG,AC,GG,AG,CC,AG,GG,AG,AA,GG,GG,AA,AA,GG,GG,AC,GG,TT,CG,GG,GG,AA,CG,AA,GG,--,GG,AA,GG,GG,GG,AG,AG,GG,AA,GG,AG,CC,AG,AG,AA,--,GG,AA,AA,GG,AA,AG,AT,GG,--,AA,CG,GG,AT,--,AG,GG,AA,AG,GG,GG,GG,CC,GG,GG,GG,GG,AA,GG,AA,CG,AG,AC,CC,AA,AG,AG,AA,AA,AA,GG,GG,AG,GG,GG,DF
411,CC,AG,AA,AA,GG,GG,AA,AA,GG,GG,AA,CC,GG,AG,GG,AA,GG,CC,AG,AG,AA,GG,GG,GG,CC,AA,AA,AA,CC,AG,GG,AA,GG,CG,AG,GG,AC,AG,AA,AA,GG,CC,AC,CG,AA,GG,GG,CC,GG,AA,GG,GG,AA,CC,AA,AG,GG,TT,AG,AA,AA,CC,GG,GG,AC,AG,AG,AG,GG,AA,GG,GG,GG,AG,GG,AA,GG,AA,GG,CC,AA,AG,GG,AA,CC,AA,AG,TT,GG,AG,GG,CG,AA,AG,GG,CC,AA,GG,AG,AG,AG,AG,AG,AG,AG,CC,CC,AA,GG,AA,AG,AA,CG,AG,AA,GG,AG,AG,AG,AG,AA,AC,AA,CC,AG,AG,AA,GG,TT,AG,GG,GG,GG,AG,GG,AG,AG,AG,AC,AG,GG,CC,GG,GG,AT,AA,GG,AA,CG,AG,GG,GG,GG,AG,AA,GG,AC,AG,AA,GG,AA,CC,AA,AG,GG,CG,AG,AG,AA,AG,AG,GG,AA,AA,CC,CC,GG,CC,GG,AA,AG,TT,AA,GG,CC,AA,AG,AA,AG,GG,AG,AA,AT,GG,AT,AA,AA,GG,GG,AA,AG,AA,AA,AA,AG,AG,GG,CC,GG,GG,GG,AG,AG,GG,AG,AA,AG,AC,GG,AG,GG,GG,AA,AG,AG,GG,AG,AA,GG,GG,CC,AG,AG,AG,AA,GG,GG,AC,AA,AA,CG,AA,GG,AT,CG,GG,GG,AC,CG,AA,AG,AG,GG,AA,GG,GG,GG,AG,AG,AG,AC,AA,GG,CC,AA,AG,AA,AG,GG,AG,AA,AA,TT,AA,TT,GG,GG,AA,GG,AG,AT,GG,AG,AG,AT,AG,GG,AG,GG,CC,GG,AG,GG,GG,GG,GG,AG,GG,GG,AC,AC,AA,AG,AG,AA,AA,AG,AG,GG,AG,GG,GG,DF
418,CC,AG,GG,CC,GG,AA,AA,AA,GG,GG,AG,CG,GG,AG,GG,AA,--,CC,GG,GG,AG,CG,GG,GG,CG,AA,GG,AG,CC,AA,AG,AA,GG,CG,GG,GG,CC,GG,AG,AA,--,CC,AA,CG,AC,GG,GG,CC,AG,AA,AG,GG,AA,AC,AG,GG,GG,TT,GG,AA,AG,CC,CG,GG,AC,AG,AG,GG,GG,AA,AG,GG,AG,AA,GG,AA,GG,AA,GG,CC,AA,GG,GG,AA,CC,AA,AA,AA,GG,AA,GG,GG,CC,AA,GG,CC,AG,GG,GG,GG,AA,AG,AG,AA,AG,CC,AC,AA,AG,AG,AG,AA,CG,GG,GG,GG,AG,AA,AA,AA,GG,AC,AA,CC,AA,AG,AA,GG,TT,GG,AA,GG,AG,GG,AG,AA,AG,AG,CC,AG,AG,CC,GG,GG,AT,AC,GG,AG,CC,AG,AA,GG,CG,GG,CC,GG,AA,AG,AG,GG,GG,CC,AG,AA,AG,CC,AG,AG,AA,AG,AA,AA,AG,AA,AC,CG,AG,GG,CG,GG,AG,AA,AA,GG,CC,AA,GG,GG,AA,GG,AG,AA,TT,GG,TT,AA,GG,GG,AG,GG,GG,AA,AG,AA,GG,GG,AG,CC,GG,GG,GG,AG,AA,AA,AG,AA,AG,CC,GG,AA,GG,GG,AA,GG,AA,GG,GG,AC,AG,GG,AC,--,GG,AG,AA,GG,AG,AC,AG,GG,GG,AC,GG,AA,CC,GG,GG,AA,CC,AA,GG,GG,GG,AA,GG,GG,GG,AA,AA,GG,AC,GG,GG,CC,AG,AG,AT,GG,GG,AA,AA,GG,AA,AA,AA,GG,--,AA,CC,AG,TT,GG,AG,GG,AT,AG,AG,AG,GG,CC,GG,GG,CC,GG,GG,GG,GG,GG,AG,AA,AC,AA,GG,AG,AA,AC,AG,AA,GG,GG,GG,AG,SD
419,AA,AG,GG,AA,AG,AA,AA,AA,GG,AG,GG,CC,AA,AA,GG,AA,AG,AC,AG,AA,GG,CC,GG,AG,CC,AG,GG,AA,CC,AA,GG,AG,GG,CC,GG,GG,CC,GG,AA,AA,AG,GG,AA,CG,AA,AG,GG,CC,GG,AA,GG,GG,AA,CC,--,GG,GG,AT,AG,AG,AG,CC,CG,GG,CC,GG,AA,AG,GG,AG,AA,GG,AG,AG,GG,AG,AG,AC,GG,CC,AA,GG,GG,AA,CC,AA,AA,TT,GG,AG,GG,GG,AA,GG,AG,AC,AG,AG,AA,GG,AG,AA,AA,AG,AG,CC,AA,GG,AA,AG,GG,AG,CG,GG,GG,GG,AA,AG,GG,GG,GG,AC,AA,CC,AG,AG,AA,GG,TT,AG,AG,GG,GG,GG,GG,AA,AG,AA,CC,AG,GG,CC,CG,AG,AT,CC,AA,GG,CC,GG,GG,GG,GG,AG,AC,GG,AC,AG,AG,GG,GG,GG,AA,AA,GG,GG,AA,AG,CC,AA,AA,AG,AA,AA,AC,CG,AG,GG,GG,AG,AA,TT,AG,GG,CG,AA,AA,AA,AA,GG,AA,AA,AA,GG,TT,AA,GG,AA,AA,GG,GG,GG,AG,AA,AG,GG,GG,CG,GG,AG,GG,AG,AA,AA,AG,AG,AA,CC,AG,AG,GG,CG,AG,AA,AA,AG,GG,AC,GG,AG,CC,AG,AG,AA,AA,AG,GG,AA,AA,AA,CG,AC,GG,AA,GG,GG,GG,AA,GG,AA,GG,GG,AG,AA,GG,GG,GG,AA,AA,AG,AA,GG,GG,CC,AA,AG,AA,GG,GG,AA,GG,GG,AT,AG,AA,GG,--,AG,GG,GG,AT,AG,GG,AG,TT,AG,GG,AA,GG,CC,GG,GG,GG,GG,GG,GG,AA,CG,AG,AC,AC,AG,GG,AG,AA,AC,AG,GG,GG,AG,GG,GG,DF
426,CC,AG,AG,AA,GG,AG,AA,AA,GG,GG,AA,CC,AG,AG,GG,AG,AG,AC,AG,AG,GG,GG,GG,GG,CC,AG,AA,AA,CC,AG,AG,AA,GG,CG,GG,GG,CC,GG,AA,AA,--,CC,AA,CC,AA,GG,AG,AC,GG,AA,AA,AG,AA,CC,AG,AG,AG,AT,AA,AA,AG,AA,CG,GG,CC,GG,GG,GG,GG,AA,GG,GG,GG,AG,GG,AA,AG,AA,GG,CG,AA,GG,GG,AA,CC,AG,AA,TT,GG,AG,GG,CG,AA,AG,GG,CC,GG,AG,AG,AG,AG,AG,AA,AG,AA,--,CC,AA,AG,AG,GG,AA,GG,GG,GG,GG,AA,AA,GG,AG,AG,AA,AA,CC,AA,GG,AG,CG,TT,GG,AA,GG,AG,AG,GG,AG,AG,AG,CC,AG,AG,CC,GG,GG,AT,AA,AG,GG,CG,AG,GG,AG,CG,AA,CC,--,AA,GG,AA,AG,--,CC,AG,AG,AG,CG,AA,AG,AA,AA,AA,GG,AA,AA,CC,CC,AG,CG,GG,AA,AG,AT,AA,GG,GG,AA,AG,AA,AG,GG,AG,AA,AT,GG,TT,AA,AG,AG,AG,AG,AG,AG,AG,AA,GG,GG,GG,CC,GG,GG,GG,AG,AA,AG,AG,AG,AG,CC,GG,AG,GG,GG,AG,AG,AA,GG,GG,AA,GG,GG,CC,AG,AG,GG,AA,GG,GG,AC,AA,GG,CG,AA,GG,AA,CC,AG,CC,AC,CG,AA,AG,AG,GG,AA,GG,GG,GG,AG,AG,GG,AA,AG,GG,CC,AG,AA,AA,GG,GG,AA,AA,AG,AT,AA,AT,GG,GG,AA,CG,GG,AT,AG,--,GG,AT,AG,GG,AG,AG,CC,GG,GG,CG,GG,GG,GG,GG,GG,AG,AC,AC,AA,GG,GG,AA,AA,AG,GG,AG,AG,GG,GG,DF
428,AA,GG,AG,CC,AA,AA,AG,AA,GG,GG,AA,CC,AG,AA,GG,AA,AG,AA,AA,AA,AG,CG,AG,GG,CG,AG,GG,AG,CG,AA,GG,AA,GG,CC,AG,GG,CC,GG,AA,AG,GG,CC,AA,CG,AA,AA,GG,CC,AG,AC,AG,AG,AA,CC,AA,GG,GG,TT,AA,AA,AG,AA,GG,AG,CC,GG,AG,GG,AG,AA,AA,CG,GG,AA,AG,AA,GG,AA,GG,CG,AC,GG,GG,AA,CC,AG,AA,TT,GG,AA,GG,CC,AA,AG,GG,AC,AG,AG,AG,GG,GG,AA,AA,AG,GG,CC,CC,AG,AA,AG,AG,AA,GG,AG,AG,GG,AA,AA,AG,AG,AA,AA,AG,CC,AG,GG,GG,CG,TT,GG,AA,AG,GG,GG,AG,AA,GG,AA,CC,GG,AG,AC,GG,GG,AT,AC,GG,GG,CG,GG,GG,GG,CG,GG,AC,GG,AC,AG,AA,GG,AA,CC,AG,AG,GG,CC,GG,GG,CC,AA,AA,AG,AG,AG,AC,CC,AG,CC,CG,AA,AG,TT,AA,GG,GG,AA,AA,AA,AA,GG,AA,AA,AT,--,TT,AA,GG,AG,AG,GG,GG,AG,AA,AA,GG,AG,GG,CG,AG,AG,GG,AG,AA,AG,AG,AA,AA,CC,GG,AG,GG,GG,AA,GG,AA,GG,AG,AA,GG,GG,CC,AA,GG,GG,AG,GG,GG,AC,AG,GG,CG,AC,GG,AA,GG,GG,GG,AC,GG,AA,GG,GG,GG,AA,GG,AG,AG,AG,AG,GG,AC,GG,AG,CC,AA,AA,AA,--,GG,AA,AA,AA,TT,AG,TT,AG,GG,AG,CG,AG,AA,GG,AG,GG,TT,AG,GG,AA,AG,CC,GG,GG,GG,AG,GG,GG,GG,GG,GG,AC,AC,AG,AG,AG,AG,AA,AA,AG,AG,GG,GG,AG,SD
429,CC,AG,GG,CC,AG,AA,AA,AA,GG,AG,AG,CC,AG,AA,GG,AA,AG,AA,GG,AA,GG,CG,AG,GG,CG,AG,AG,AA,CC,AA,AG,AA,GG,CC,GG,GG,CC,GG,AA,AA,AG,CC,CC,CG,AA,GG,AG,AC,GG,CC,--,AA,AA,AC,AA,GG,GG,TT,AG,GG,AG,AC,GG,GG,AC,GG,AA,GG,GG,AA,AG,GG,GG,AG,GG,AA,AA,AC,GG,CC,AA,GG,GG,AA,CC,AG,AA,TT,GG,AA,GG,GG,AA,AA,AG,AA,GG,GG,AG,AG,AA,AA,AG,AG,AA,CC,CC,AA,AA,AG,GG,GG,CG,GG,AG,GG,AA,AG,AG,AG,AA,AA,AA,CC,AG,AG,AA,GG,TT,GG,AA,AA,GG,GG,AG,GG,GG,AA,CC,AG,GG,AA,GG,GG,TT,AC,GG,GG,CC,GG,GG,GG,GG,GG,AA,GG,CC,GG,AG,GG,GG,CC,AA,AG,GG,GG,AA,AG,AA,AG,AA,GG,AA,AA,AC,CC,AG,CC,GG,AA,AG,AT,--,GG,CC,AA,AG,AA,AA,AG,AG,AG,AT,GG,TT,AA,GG,AG,AG,GG,GG,AG,AA,AA,GG,GG,GG,CC,GG,AG,AG,AG,AG,GG,GG,AG,AA,CC,AA,GG,GG,CG,GG,AA,AA,GG,GG,AC,GG,GG,CC,GG,GG,GG,AA,GG,GG,CC,AA,AA,CC,AA,GG,AA,CG,GG,CG,AA,GG,AG,GG,GG,AG,AA,GG,GG,GG,AA,AA,AG,AA,GG,AG,CC,AA,AA,AA,GG,GG,AA,AA,AA,AT,AA,AT,GG,GG,AA,CC,GG,AA,GG,AA,GG,TT,GG,GG,AA,AG,CC,GG,GG,GG,GG,GG,GG,GG,GG,GG,CC,AA,AA,GG,GG,AA,AA,--,GG,GG,AG,GG,AG,SD
430,AC,AG,GG,AA,AG,AA,AG,AT,GG,AA,AG,CC,AA,AG,GG,AA,AG,CC,AA,AA,AA,CG,GG,GG,CG,GG,AG,GG,CC,AG,AG,AA,GG,CC,AG,AG,CC,GG,AA,AA,AG,CG,AC,CG,AA,GG,GG,CC,GG,AA,AG,AA,AA,CC,AG,GG,GG,AT,AA,AG,AG,CC,GG,GG,CC,GG,AA,GG,GG,AG,AA,GG,GG,AA,GG,AA,AA,AA,GG,CC,CC,AG,GG,AA,CG,AA,AG,TT,AG,GG,GG,CG,AA,AG,GG,CC,AG,AG,AA,GG,GG,AG,AA,GG,AG,AC,AC,AG,AG,AG,AA,AG,CG,AG,AG,GG,AA,AA,GG,AG,AA,AC,GG,CC,AA,--,AA,CG,TT,AA,AG,GG,GG,AA,GG,AA,AG,AA,AC,AA,GG,CC,CG,AG,AT,AC,AG,AG,CC,GG,GG,AG,GG,AG,AA,GG,AC,GG,AG,GG,AA,CC,AG,GG,GG,GG,AG,AA,AC,AA,GG,GG,AA,AA,CC,CC,AA,GG,GG,AG,AA,TT,AA,GG,CC,AA,AA,AA,AA,GG,AA,AA,TT,AG,TT,AA,GG,AA,AA,AG,AG,AG,AA,AG,AG,AG,GG,CG,GG,GG,GG,AA,AA,AG,AA,AA,AG,CC,GG,AG,GG,GG,GG,AA,AA,GG,GG,AC,GG,AG,CC,AG,GG,AA,AA,GG,AG,AC,AA,AG,GG,AA,GG,AA,CC,GG,GG,AA,GG,AG,GG,GG,GG,AA,AG,GG,GG,AG,AG,AA,AC,GG,GG,CC,AG,AA,AA,GG,GG,AA,AA,AA,TT,AG,TT,AG,GG,AG,CG,AG,AA,GG,AG,AG,AA,GG,GG,GG,AG,CG,GG,GG,GG,GG,GG,GG,AA,GG,GG,CC,AA,AA,AG,GG,AG,AA,AA,AG,GG,GG,AG,AA,SD
543,AC,AG,AG,AC,AG,AG,AA,AT,GG,AG,AA,CG,AG,AG,AG,AA,AG,AA,AG,GG,AG,GG,GG,GG,CC,AG,AA,AG,CC,AA,AG,AG,GG,CC,GG,GG,CC,GG,AG,AA,AG,CC,AA,CG,AA,GG,GG,CC,GG,AA,AG,GG,AA,AC,GG,GG,AG,TT,--,GG,GG,AC,CG,AG,--,AG,GG,GG,GG,AG,AA,GG,AG,GG,GG,AA,GG,AA,GG,CC,AC,GG,GG,AA,CC,AG,AG,TT,AG,GG,GG,CG,AA,AG,GG,CC,GG,GG,AA,GG,AA,--,AA,AA,AA,CC,AC,GG,AG,AA,GG,AG,GG,AG,AG,GG,AA,AA,GG,GG,AA,AC,AG,CC,AA,GG,AG,CG,TT,GG,AG,GG,GG,AG,GG,GG,AA,AA,CC,--,AG,CC,GG,GG,AA,CC,AA,AG,GG,GG,GG,GG,CG,GG,AC,GG,AC,GG,AG,AG,AA,CC,GG,GG,GG,CC,GG,AA,AA,AA,AA,GG,AA,--,CC,CC,AG,CG,GG,AA,AA,TT,AG,GG,CC,AA,AA,AA,AA,GG,AG,AG,TT,GG,TT,AA,GG,AG,AA,GG,GG,AG,GG,AG,GG,GG,AG,--,GG,--,GG,AG,AG,GG,AA,AA,AG,CC,AG,AG,AG,GG,AA,GG,AA,GG,GG,AC,AG,AG,AC,GG,GG,AA,AG,GG,GG,AC,AA,AG,CC,AC,GG,AA,CC,GG,CG,AA,GG,AG,GG,GG,AG,AA,GG,AG,AG,GG,GG,GG,AC,--,GG,CC,AG,AA,AA,GG,GG,AA,AA,AA,TT,AA,--,GG,GG,AA,CG,AA,--,GG,GG,AG,AT,GG,GG,AG,GG,CC,CG,GG,CG,GG,GG,GG,GG,GG,AG,CC,AC,AA,AG,GG,AG,AA,AA,AG,--,AG,GG,AA,SD
549,CC,AA,AG,AA,AG,AA,AA,AA,GG,AG,AG,CG,AG,GG,GG,AG,AA,AA,AA,GG,AG,CG,GG,AG,CG,AG,GG,AA,GG,AA,GG,AG,GG,CC,GG,GG,AC,GG,AA,AA,AG,CG,AC,CC,AA,AG,GG,CC,AA,AA,AA,GG,AA,CC,AG,AG,GG,AT,--,GG,AA,CC,CC,GG,CC,AG,GG,AG,GG,AA,AA,CG,GG,GG,AG,AG,GG,AC,GG,CC,AA,GG,GG,AA,CG,AG,AA,AT,GG,AG,GG,CG,AC,AG,GG,AC,AG,AA,AA,AG,AA,GG,AG,AG,GG,CC,AC,AA,AG,AG,AG,GG,GG,GG,AG,GG,AA,AA,AA,AA,AA,AA,AA,CC,AA,GG,AA,GG,TT,GG,AG,GG,AG,AG,AG,AG,AG,AA,CC,AG,AG,CC,GG,GG,AA,AA,AG,AG,GG,GG,GG,--,CG,GG,AC,GG,AC,GG,AA,GG,AA,CC,AA,GG,AG,CG,GG,AG,AA,GG,AA,AG,AA,AA,AA,CG,GG,CG,GG,AA,AA,TT,AA,GG,GG,AC,AA,AA,AA,AG,AA,AA,AA,GG,TT,AA,AG,GG,GG,AG,GG,AA,AA,AG,AG,AG,GG,CG,GG,GG,GG,AG,AA,GG,GG,AG,GG,CC,AG,GG,GG,GG,AA,AG,AG,AG,GG,--,AG,GG,AC,GG,GG,AA,AA,GG,GG,AA,GG,AG,CG,AA,GG,AA,GG,GG,GG,AA,CG,AG,GG,GG,GG,AA,GG,GG,AG,GG,GG,GG,AA,GG,AG,CC,AA,AA,AA,GG,GG,AA,AA,AA,TT,AA,TT,GG,GG,AA,CG,AA,AA,GG,AG,GG,TT,GG,GG,AA,AG,CC,GG,GG,CG,GG,GG,GG,AG,CG,GG,CC,AA,AA,GG,GG,AA,AA,AA,GG,GG,GG,GG,AG,SD
557,AC,AA,GG,AC,GG,AA,AA,AA,CG,GG,GG,CC,AA,AG,GG,AA,GG,AC,AG,AG,AA,GG,GG,GG,CC,AA,AG,AA,GG,AA,GG,AG,GG,CC,AG,GG,CC,GG,AA,AA,AA,CC,AC,CC,AA,GG,GG,CC,GG,AC,AG,GG,AA,AC,GG,AG,GG,AT,AA,AA,AG,AC,GG,GG,CC,AG,AA,AG,GG,AG,AG,GG,AG,AA,GG,AA,GG,AC,AG,CC,AA,AG,GG,AA,CC,AA,AA,TT,AA,GG,AG,CG,AA,AA,AG,CC,GG,GG,GG,AG,AA,AG,AA,AG,AG,AC,AC,AG,AA,GG,AG,AG,GG,AG,GG,GG,AG,AA,AG,AG,GG,CC,AA,CC,AA,GG,AG,CG,TT,GG,AA,AG,GG,GG,GG,AG,GG,AA,CC,AG,AG,AC,GG,GG,AT,CC,AA,GG,CG,GG,AG,AG,CG,AG,CC,GG,AA,GG,AG,AG,AA,CC,AG,AG,GG,CG,AG,AA,AC,AA,AG,GG,AA,AA,AC,CG,AG,GG,GG,AA,AA,TT,AA,GG,CC,AA,GG,AG,AA,GG,AG,AA,AT,GG,TT,AA,GG,AA,AA,GG,GG,GG,AG,AA,GG,GG,AG,CC,GG,GG,GG,GG,AA,AA,GG,AA,AG,CC,GG,AA,AG,GG,AA,GG,AA,AA,GG,AA,AA,GG,AC,AG,AG,AG,AA,GG,GG,AC,GG,AA,CG,AC,GG,AA,CG,GG,CG,AA,CG,AA,GG,AG,AG,AA,GG,AG,AG,AA,AA,AG,AC,GG,GG,CC,AG,AA,AA,GG,GG,AA,GG,GG,AT,GG,AA,GG,--,GG,CC,AA,AA,GG,GG,GG,AT,AG,GG,AG,GG,CC,GG,GG,CC,GG,GG,AG,AG,GG,GG,AC,CC,AA,GG,AG,AA,AA,AA,AG,GG,GG,GG,AG,SD
564,CC,AG,GG,AC,AG,AA,AA,AA,GG,GG,GG,CG,AG,AG,GG,AA,AA,AC,AG,GG,AG,GG,GG,GG,CG,AA,AG,AA,CG,AG,AG,AG,GG,CC,AG,GG,CC,GG,AA,AA,AG,CG,AA,CC,AA,AG,GG,CC,AG,AA,GG,AG,AA,CC,AG,GG,AG,TT,AA,AA,AG,AA,GG,AG,CC,AG,GG,GG,AA,AA,AA,GG,AG,AA,GG,AG,AG,AC,GG,CC,AA,AG,GG,AA,CC,AA,AG,TT,GG,GG,AG,CC,AA,AG,GG,CC,AA,AG,AG,AG,AA,AA,AA,GG,GG,CC,AC,AA,AA,GG,GG,AG,CG,AG,GG,GG,AA,AA,AG,AA,AG,AC,AA,CC,AA,AG,AG,GG,TT,AG,GG,GG,AA,GG,GG,AA,GG,AA,CC,AA,GG,CC,GG,GG,AA,CC,AG,GG,GG,GG,AG,GG,GG,AG,AC,GG,AC,GG,AA,GG,AG,CC,AA,AG,GG,CG,AG,GG,CC,AA,AA,GG,AA,AA,AA,GG,GG,GG,GG,AA,AA,TT,AA,AG,CG,AA,AG,AG,AA,GG,AA,AA,AA,GG,--,AA,GG,AG,AA,GG,GG,GG,AG,AA,AG,AG,AG,CC,AG,GG,AG,AA,AA,AG,GG,AA,AG,AC,GG,AG,GG,GG,AG,GG,AA,AG,AG,AC,AG,GG,AC,AG,GG,AA,AA,GG,AG,AA,AA,GG,CC,AA,GG,AA,GG,GG,GG,AC,CG,AA,GG,GG,GG,AA,GG,AG,GG,AG,AG,AG,AA,GG,GG,CC,AA,AA,AA,GG,GG,AA,AG,AG,AT,AG,AT,GG,GG,AG,GG,AG,AA,GG,GG,AG,AA,GG,GG,AG,AG,CC,CG,GG,GG,GG,GG,AG,AG,GG,GG,AA,AA,AA,GG,GG,AA,AA,AA,AG,GG,AG,AG,AA,SD
586,CC,AA,GG,AC,AG,AA,AA,AA,CG,AG,AA,CC,AA,AA,AA,AG,AA,AA,AG,GG,GG,GG,GG,AA,CG,AA,AA,AA,CC,AA,AG,AG,GG,CG,GG,GG,CC,GG,AA,AA,GG,CC,AA,CC,AA,AG,GG,CC,GG,AC,GG,AG,AA,AC,AG,AG,GG,TT,AA,AA,AG,AC,CG,GG,CC,GG,AG,AG,AG,AA,AG,GG,GG,AG,AG,AG,AG,AC,GG,CG,AA,AG,GG,AG,CC,AG,AA,TT,GG,AG,GG,CG,AA,GG,GG,CC,AG,GG,AA,AG,AA,AA,AA,AG,AA,CC,AC,AA,AA,AA,GG,AG,GG,AG,GG,GG,AG,AA,AG,AG,GG,CC,AA,CC,AG,GG,AA,GG,TT,GG,GG,GG,AG,AG,GG,AG,AA,AA,CC,AA,GG,AC,GG,GG,TT,AA,AG,GG,CC,AG,GG,GG,GG,GG,AA,GG,AA,GG,AA,AG,AG,CG,AG,AG,GG,GG,GG,AG,AC,AA,AA,AA,AG,AA,AC,CC,AG,CG,GG,AG,AA,AA,AA,GG,CG,AA,AA,AA,AA,GG,AG,AG,AT,AG,TT,AA,GG,AG,AG,AG,GG,AG,AA,AA,GG,GG,GG,CC,GG,AG,GG,GG,AG,AA,AG,AG,AG,CC,GG,AA,GG,GG,AG,GG,AA,GG,GG,AC,GG,AA,CC,AG,GG,AA,AA,GG,GG,AC,AA,AG,GG,AA,GG,AA,CC,GG,CG,AC,CG,AA,GG,GG,GG,AA,AA,AG,GG,AA,AA,AG,AC,GG,AG,CC,AG,AG,AA,GG,GG,AA,AA,GG,AA,AA,AA,GG,--,AA,GG,AG,AA,GG,AG,GG,TT,GG,GG,AA,GG,CC,GG,AG,GG,GG,GG,GG,AG,CG,AG,AC,AC,AA,AG,GG,AA,AA,AG,AG,GG,GG,GG,AA,SD
603,CC,AG,GG,AC,GG,AG,AA,AA,CG,GG,AG,GG,GG,GG,GG,AA,AG,AC,GG,AG,GG,GG,GG,GG,CG,--,AA,--,CC,AG,AG,AA,GG,CC,AA,GG,CC,AG,AA,AA,GG,CC,AA,CG,AA,--,--,AC,GG,AC,AG,GG,AA,CC,GG,GG,GG,TT,--,AG,AG,CC,CC,GG,CC,--,AG,GG,AG,AA,AA,GG,GG,AG,GG,AG,AA,AA,GG,CG,AC,AA,GG,GG,CC,AG,AA,TT,GG,AG,GG,CG,AA,AG,GG,CC,AG,GG,AG,AG,AA,--,GG,AA,GG,CC,CC,AA,AA,AG,GG,AG,GG,GG,GG,GG,AG,AA,AA,AA,AG,CC,AG,CC,AA,GG,AA,CG,AT,AG,--,AG,AG,AG,AG,AG,GG,AA,CC,AA,AA,AC,CG,AG,TT,AC,AG,GG,CC,GG,GG,GG,CC,GG,AA,--,AC,GG,AG,GG,AA,CC,AG,AA,AG,GG,AG,AA,AC,AA,AA,AA,AA,--,CC,CC,AG,CC,--,AA,AA,TT,AG,GG,CC,AA,AG,AA,AA,GG,AG,AG,TT,GG,AT,AA,GG,AG,AG,GG,GG,AG,AA,AA,GG,AA,AG,CC,GG,--,GG,GG,AA,AG,AG,AA,GG,CC,AG,GG,GG,GG,AA,AG,AA,GG,GG,CC,GG,AG,CC,AG,--,AA,AA,GG,GG,AC,GG,AG,GG,AC,GG,AA,CC,GG,GG,AA,CC,AA,GG,AG,AG,AA,AG,AG,GG,AA,AA,AG,AA,--,GG,CC,AG,AA,AT,GG,GG,AA,GG,AG,AT,GG,AA,GG,GG,GG,GG,GG,AT,GG,GG,AG,AA,AG,GG,AG,GG,CG,GG,GG,GG,--,AA,GG,AA,CG,GG,AA,AC,AA,GG,AG,AG,AA,AG,AG,--,AG,AG,--,SD
613,CC,GG,GG,AA,GG,AA,AG,AA,CG,GG,GG,CC,AG,AA,AG,AG,GG,AC,AG,AA,AA,CG,GG,GG,CG,AA,GG,AA,CC,AG,GG,AG,GG,CC,GG,GG,CC,GG,AA,AG,AG,CC,AA,CC,AA,GG,AA,AA,GG,AA,GG,AA,AA,CC,GG,GG,GG,TT,AG,AA,AG,AC,GG,AA,CC,AG,AG,GG,GG,AA,AG,GG,GG,GG,GG,AA,AA,AA,GG,CC,AA,GG,GG,AA,CC,AA,GG,TT,GG,AA,GG,GG,AA,AG,AG,CC,AA,AG,AG,AG,AG,AA,AG,AA,AG,CC,CC,AG,AG,AG,AG,AA,CG,AG,GG,GG,AA,AA,AA,AA,AA,AC,AA,CC,AA,AG,AG,CG,TT,GG,AA,GG,AG,GG,GG,GG,GG,AA,CC,AG,AG,CC,CG,AG,AT,AC,AA,AG,CC,GG,GG,GG,CG,AG,AA,AG,AA,GG,AA,AG,AA,CC,AG,AG,GG,GG,AA,GG,AA,AA,AG,AG,AG,AA,CC,CC,AA,CG,GG,AG,AA,TT,AA,GG,CC,AC,AG,AA,AG,GG,AG,AA,AT,AG,TT,AG,AG,GG,AG,AG,GG,AG,AG,AA,GG,GG,AG,CC,AG,AG,AG,GG,AA,AG,AG,AA,AA,AC,GG,AA,GG,GG,AG,GG,AA,AG,GG,AC,GG,AG,CC,GG,GG,AG,AA,GG,GG,CC,AA,AG,GG,AC,GG,AA,CG,GG,CG,AA,CC,AA,GG,AA,GG,AA,AG,GG,GG,AA,AA,AG,AA,GG,GG,CC,AG,AA,AA,GG,GG,AA,AG,AG,AT,GG,AT,AG,GG,GG,CC,AA,AA,GG,AG,AG,AT,AG,GG,AA,GG,CG,GG,GG,GG,GG,GG,GG,AA,GG,GG,AC,AC,AA,AG,AG,AG,AA,AA,AG,GG,AA,GG,AG,SD
629,CC,AA,AA,AA,AG,AA,AA,AT,GG,AG,AA,CC,AG,AA,AG,AG,AA,AA,AG,AA,AA,GG,GG,GG,CG,AG,AG,AG,CC,AA,GG,GG,GG,CC,AG,GG,CC,GG,AA,AG,AG,CC,AA,CC,AA,AG,GG,CC,GG,AA,GG,GG,AA,CC,AG,GG,GG,TT,AA,GG,AG,AA,CG,GG,AC,GG,AG,GG,GG,AA,AG,GG,AG,AG,AG,AA,AA,AA,AG,CC,AA,AG,GG,AG,CC,AG,AA,TT,GG,--,GG,GG,AA,AG,GG,CC,GG,GG,GG,AG,AG,AA,AG,AA,AG,CC,AA,AA,AG,AG,AA,GG,GG,AG,AG,GG,AA,AA,AG,AG,AA,AC,AG,CC,GG,AG,GG,GG,TT,GG,GG,GG,AG,GG,GG,AG,AG,AA,AC,AG,GG,CC,CG,AG,AT,AC,AG,AG,CC,GG,GG,GG,GG,GG,AA,AG,AC,GG,AA,GG,GG,GG,AG,AA,GG,CC,GG,GG,AA,AG,AA,AA,AG,AG,CC,CC,AA,GG,GG,AG,AA,TT,AA,GG,CG,AA,GG,GG,AA,GG,AG,AA,TT,GG,TT,AG,AG,AG,AG,AG,GG,AG,AG,AA,AG,GG,AG,CC,GG,AG,GG,GG,AA,GG,GG,AA,AA,CC,AA,AG,GG,GG,GG,AA,AA,AG,GG,AC,AG,GG,AC,GG,GG,AG,AA,AG,GG,AC,GG,AA,GG,AA,GG,AA,GG,GG,GG,AA,CC,AA,GG,AG,GG,AA,GG,GG,GG,AG,AG,AG,AA,GG,GG,CC,AG,AA,AA,GG,GG,AA,AA,AA,TT,AA,TT,GG,GG,AA,GG,AG,AA,GG,AG,GG,TT,GG,GG,AA,AG,CG,GG,GG,GG,GG,GG,AG,GG,GG,GG,AC,AA,AA,AG,GG,AG,AA,AA,AG,GG,GG,GG,AA,SD
635,CC,AA,GG,CC,GG,AA,AA,AA,GG,GG,AG,GG,GG,GG,GG,AA,AG,AA,AA,AG,AG,GG,AG,GG,CG,AA,GG,AA,CG,AA,GG,GG,GG,CC,GG,GG,CC,AG,AA,AA,GG,CC,AA,CC,AA,GG,GG,CC,GG,AA,AG,GG,AA,CC,AG,GG,GG,AT,AA,AG,AA,CC,GG,AG,CC,AG,AG,AG,AG,AG,AA,GG,AG,AA,GG,AA,GG,AA,GG,CC,AA,AG,AG,AA,CC,GG,AA,TT,AA,GG,AG,CG,AA,--,GG,CC,AG,GG,GG,AA,AG,GG,AG,AA,GG,CC,AC,AA,AG,AG,GG,AA,GG,AG,AG,GG,AG,AA,AG,AA,AG,AC,AA,CC,AA,GG,AA,GG,TT,GG,GG,GG,AA,AG,AG,GG,GG,AA,CC,AA,GG,CC,CG,AG,TT,AA,AA,AG,CC,GG,AG,AG,GG,GG,AA,AG,AA,GG,AA,GG,AG,CC,AG,AG,GG,CC,AA,AG,AC,AA,AA,GG,AA,AA,AC,CG,AG,GG,GG,AA,GG,TT,AA,GG,CG,AA,GG,AG,AA,GG,AG,AA,AT,GG,TT,AG,AG,GG,GG,AG,AG,AA,AA,AA,GG,AG,AG,CC,GG,GG,GG,AG,AG,AG,GG,AA,GG,CC,GG,AA,GG,GG,AA,AG,AG,GG,GG,AA,AG,GG,AC,GG,GG,AG,AA,GG,GG,AC,AG,GG,CC,AC,GG,AA,CC,GG,GG,AA,GG,AA,GG,GG,GG,AA,GG,AG,GG,AG,AG,GG,CC,GG,GG,CC,AG,AG,AA,GG,AG,AA,AG,AG,AT,AG,AT,GG,GG,AG,GG,AG,--,GG,AG,GG,AA,GG,GG,AG,AG,CC,GG,GG,GG,GG,GG,GG,GG,GG,GG,AC,AC,AG,AA,AG,AA,AA,AA,AG,GG,GG,GG,AG,SD